u_id,i_id,rating,timestamp
1,114,1,20/09/1997 6:11
4,94,2,20/09/1997 6:11
5,94,1,20/09/1997 6:11
5,75,1,20/09/1997 6:11
5,1025,1,20/09/1997 6:11
5,151,1,20/09/1997 6:11
5,167,2,20/09/1997 6:11
5,3482,1,20/09/1997 6:11
5,115,2,20/09/1997 6:11
5,3485,1,20/09/1997 6:11
5,153,1,20/09/1997 6:11
5,83,1,20/09/1997 6:11
5,173,1,20/09/1997 6:11
6,97,2,20/09/1997 6:11
6,1025,1,20/09/1997 6:11
6,151,2,20/09/1997 6:11
6,172,1,20/09/1997 6:11
7,106,1,20/09/1997 6:11
9,91,1,20/09/1997 6:11
9,97,1,20/09/1997 6:11
16,115,1,20/09/1997 6:11
18,151,1,20/09/1997 6:11
25,114,1,20/09/1997 6:11
26,151,1,20/09/1997 6:11
28,94,2,20/09/1997 6:11
31,94,2,20/09/1997 6:11
32,75,1,20/09/1997 6:11
34,94,2,20/09/1997 6:11
35,91,1,20/09/1997 6:11
38,3470,1,20/09/1997 6:11
39,2813,1,20/09/1997 6:11
40,83,2,20/09/1997 6:11
46,151,1,20/09/1997 6:11
48,115,2,20/09/1997 6:11
49,115,2,20/09/1997 6:11
50,91,1,20/09/1997 6:11
51,1025,2,20/09/1997 6:11
52,3275,1,20/09/1997 6:11
54,1306,1,20/09/1997 6:11
57,75,2,20/09/1997 6:11
57,523,2,20/09/1997 6:11
59,97,1,20/09/1997 6:11
59,1025,1,20/09/1997 6:11
62,75,1,20/09/1997 6:11
65,75,2,20/09/1997 6:11
65,90,1,20/09/1997 6:11
65,1306,1,20/09/1997 6:11
69,3470,1,20/09/1997 6:11
71,97,2,20/09/1997 6:11
71,75,2,20/09/1997 6:11
72,115,1,20/09/1997 6:11
73,3171,1,20/09/1997 6:11
83,847,1,20/09/1997 6:11
83,3168,1,20/09/1997 6:11
87,75,1,20/09/1997 6:11
88,3171,1,20/09/1997 6:11
88,98,2,20/09/1997 6:11
88,172,1,20/09/1997 6:11
88,159,2,20/09/1997 6:11
88,734,1,20/09/1997 6:11
88,85,2,20/09/1997 6:11
89,91,1,20/09/1997 6:11
96,2992,2,20/09/1997 6:11
97,115,1,20/09/1997 6:11
105,115,1,20/09/1997 6:11
105,87,1,20/09/1997 6:11
106,75,1,20/09/1997 6:11
106,115,1,20/09/1997 6:11
107,91,1,20/09/1997 6:11
107,167,2,20/09/1997 6:11
110,151,1,20/09/1997 6:11
111,167,2,20/09/1997 6:11
112,2062,1,20/09/1997 6:11
115,106,2,20/09/1997 6:11
118,151,2,20/09/1997 6:11
121,75,2,20/09/1997 6:11
126,106,1,20/09/1997 6:11
127,2393,1,20/09/1997 6:11
128,75,2,20/09/1997 6:11
129,91,1,20/09/1997 6:11
130,3481,2,20/09/1997 6:11
132,97,1,20/09/1997 6:11
133,91,2,20/09/1997 6:11
136,3275,1,20/09/1997 6:11
139,172,1,20/09/1997 6:11
139,3275,1,20/09/1997 6:11
140,94,2,20/09/1997 6:11
143,75,1,20/09/1997 6:11
145,97,1,20/09/1997 6:11
146,114,1,20/09/1997 6:11
147,167,2,20/09/1997 6:11
147,3482,1,20/09/1997 6:11
151,94,2,20/09/1997 6:11
156,90,1,20/09/1997 6:11
157,167,1,20/09/1997 6:11
159,3486,1,20/09/1997 6:11
160,151,2,20/09/1997 6:11
160,172,2,20/09/1997 6:11
162,3275,1,20/09/1997 6:11
162,3481,1,20/09/1997 6:11
164,75,2,20/09/1997 6:11
165,115,1,20/09/1997 6:11
170,97,1,20/09/1997 6:11
170,106,1,20/09/1997 6:11
170,734,1,20/09/1997 6:11
172,172,1,20/09/1997 6:11
180,153,1,20/09/1997 6:11
184,106,1,20/09/1997 6:11
189,75,2,20/09/1997 6:11
191,114,1,20/09/1997 6:11
191,3171,1,20/09/1997 6:11
191,151,1,20/09/1997 6:11
192,97,1,20/09/1997 6:11
192,723,1,20/09/1997 6:11
193,97,1,20/09/1997 6:11
194,151,2,20/09/1997 6:11
197,90,1,20/09/1997 6:11
204,172,1,20/09/1997 6:11
205,173,2,20/09/1997 6:11
207,3275,1,20/09/1997 6:11
216,3514,1,20/09/1997 6:11
216,3484,2,20/09/1997 6:11
218,94,2,20/09/1997 6:11
221,3275,1,20/09/1997 6:11
224,153,1,20/09/1997 6:11
226,150,2,20/09/1997 6:11
233,94,1,20/09/1997 6:11
233,115,1,20/09/1997 6:11
233,106,1,20/09/1997 6:11
233,2813,1,20/09/1997 6:11
233,734,1,20/09/1997 6:11
233,217,1,20/09/1997 6:11
235,847,1,20/09/1997 6:11
237,94,1,20/09/1997 6:11
237,90,1,20/09/1997 6:11
238,94,2,20/09/1997 6:11
239,151,1,20/09/1997 6:11
241,171,1,20/09/1997 6:11
242,172,1,20/09/1997 6:11
244,100,1,20/09/1997 6:11
246,115,1,20/09/1997 6:11
247,151,1,20/09/1997 6:11
251,3171,1,20/09/1997 6:11
251,172,1,20/09/1997 6:11
252,167,2,20/09/1997 6:11
252,890,2,20/09/1997 6:11
255,2062,2,20/09/1997 6:11
259,75,2,20/09/1997 6:11
259,167,1,20/09/1997 6:11
259,3482,1,20/09/1997 6:11
259,205,1,20/09/1997 6:11
260,94,2,20/09/1997 6:11
260,75,2,20/09/1997 6:11
260,172,2,20/09/1997 6:11
263,75,1,20/09/1997 6:11
264,3275,1,20/09/1997 6:11
272,94,2,20/09/1997 6:11
272,75,2,20/09/1997 6:11
272,98,2,20/09/1997 6:11
272,83,2,20/09/1997 6:11
272,2813,2,20/09/1997 6:11
272,84,2,20/09/1997 6:11
272,2062,2,20/09/1997 6:11
272,95,2,20/09/1997 6:11
272,278,2,20/09/1997 6:11
275,94,1,20/09/1997 6:11
277,94,1,20/09/1997 6:11
281,115,1,20/09/1997 6:11
287,97,1,20/09/1997 6:11
292,94,2,20/09/1997 6:11
295,97,1,20/09/1997 6:11
298,827,1,20/09/1997 6:11
299,91,1,20/09/1997 6:11
299,151,1,20/09/1997 6:11
299,106,2,20/09/1997 6:11
300,167,2,20/09/1997 6:11
308,3275,1,20/09/1997 6:11
309,171,1,20/09/1997 6:11
314,2315,1,20/09/1997 6:11
315,2813,2,20/09/1997 6:11
323,107,1,20/09/1997 6:11
325,151,1,20/09/1997 6:11
325,115,1,20/09/1997 6:11
331,151,1,20/09/1997 6:11
332,97,1,20/09/1997 6:11
339,75,2,20/09/1997 6:11
340,82,2,20/09/1997 6:11
341,94,2,20/09/1997 6:11
341,98,2,20/09/1997 6:11
343,98,2,20/09/1997 6:11
344,172,1,20/09/1997 6:11
348,3275,2,20/09/1997 6:11
349,3483,1,20/09/1997 6:11
350,75,2,20/09/1997 6:11
351,3275,1,20/09/1997 6:11
357,734,1,20/09/1997 6:11
358,115,1,20/09/1997 6:11
365,114,1,20/09/1997 6:11
366,847,1,20/09/1997 6:11
367,75,2,20/09/1997 6:11
367,3275,2,20/09/1997 6:11
367,85,2,20/09/1997 6:11
367,439,2,20/09/1997 6:11
367,3029,2,20/09/1997 6:11
367,3063,2,20/09/1997 6:11
367,3165,2,20/09/1997 6:11
367,3057,2,20/09/1997 6:11
368,82,1,20/09/1997 6:11
369,723,1,20/09/1997 6:11
370,3607,2,20/09/1997 6:11
371,3275,1,20/09/1997 6:11
373,734,1,20/09/1997 6:11
374,75,2,20/09/1997 6:11
374,2813,2,20/09/1997 6:11
381,91,1,20/09/1997 6:11
383,94,2,20/09/1997 6:11
383,75,2,20/09/1997 6:11
383,151,1,20/09/1997 6:11
385,75,2,20/09/1997 6:11
387,115,1,20/09/1997 6:11
388,115,1,20/09/1997 6:11
389,3168,1,20/09/1997 6:11
390,151,1,20/09/1997 6:11
390,3470,1,20/09/1997 6:11
390,3168,1,20/09/1997 6:11
391,115,1,20/09/1997 6:11
392,847,2,20/09/1997 6:11
393,3029,2,20/09/1997 6:11
394,1039,1,20/09/1997 6:11
400,3168,1,20/09/1997 6:11
403,2062,1,20/09/1997 6:11
405,75,2,20/09/1997 6:11
408,94,2,20/09/1997 6:11
409,3275,1,20/09/1997 6:11
414,106,1,20/09/1997 6:11
417,94,2,20/09/1997 6:11
420,83,1,20/09/1997 6:11
422,94,2,20/09/1997 6:11
426,75,2,20/09/1997 6:11
426,1025,2,20/09/1997 6:11
427,173,1,20/09/1997 6:11
428,94,1,20/09/1997 6:11
429,172,1,20/09/1997 6:11
430,2438,1,20/09/1997 6:11
432,97,1,20/09/1997 6:11
433,167,1,20/09/1997 6:11
434,91,1,20/09/1997 6:11
434,114,1,20/09/1997 6:11
434,97,1,20/09/1997 6:11
434,94,2,20/09/1997 6:11
434,75,2,20/09/1997 6:11
434,1025,1,20/09/1997 6:11
434,151,2,20/09/1997 6:11
434,167,1,20/09/1997 6:11
434,3482,1,20/09/1997 6:11
434,115,2,20/09/1997 6:11
434,153,2,20/09/1997 6:11
434,2992,1,20/09/1997 6:11
434,98,1,20/09/1997 6:11
434,83,1,20/09/1997 6:11
434,173,1,20/09/1997 6:11
434,172,1,20/09/1997 6:11
434,3470,1,20/09/1997 6:11
434,106,1,20/09/1997 6:11
434,3275,1,20/09/1997 6:11
434,3481,1,20/09/1997 6:11
434,847,2,20/09/1997 6:11
434,2813,1,20/09/1997 6:11
434,388,1,20/09/1997 6:11
434,2969,1,20/09/1997 6:11
434,145,1,20/09/1997 6:11
434,85,1,20/09/1997 6:11
434,671,1,20/09/1997 6:11
434,109,1,20/09/1997 6:11
434,100,1,20/09/1997 6:11
434,175,1,20/09/1997 6:11
434,82,1,20/09/1997 6:11
434,230,1,20/09/1997 6:11
434,3025,1,20/09/1997 6:11
434,439,1,20/09/1997 6:11
434,1435,1,20/09/1997 6:11
434,851,1,20/09/1997 6:11
434,164,1,20/09/1997 6:11
434,92,2,20/09/1997 6:11
434,3063,2,20/09/1997 6:11
437,75,1,20/09/1997 6:11
439,114,2,20/09/1997 6:11
441,164,2,20/09/1997 6:11
442,97,2,20/09/1997 6:11
443,1025,1,20/09/1997 6:11
450,94,2,20/09/1997 6:11
451,2062,1,20/09/1997 6:11
453,91,1,20/09/1997 6:11
453,75,2,20/09/1997 6:11
453,2992,1,20/09/1997 6:11
457,98,2,20/09/1997 6:11
462,94,2,20/09/1997 6:11
467,171,1,20/09/1997 6:11
469,3275,1,20/09/1997 6:11
471,115,1,20/09/1997 6:11
474,91,2,20/09/1997 6:11
474,94,1,20/09/1997 6:11
474,75,1,20/09/1997 6:11
474,167,1,20/09/1997 6:11
474,115,1,20/09/1997 6:11
474,153,2,20/09/1997 6:11
474,2992,2,20/09/1997 6:11
474,98,2,20/09/1997 6:11
474,83,1,20/09/1997 6:11
474,173,1,20/09/1997 6:11
474,3275,1,20/09/1997 6:11
474,2969,2,20/09/1997 6:11
474,2794,2,20/09/1997 6:11
483,115,1,20/09/1997 6:11
483,107,1,20/09/1997 6:11
488,175,2,20/09/1997 6:11
491,75,2,20/09/1997 6:11
492,97,1,20/09/1997 6:11
494,205,1,20/09/1997 6:11
497,151,1,20/09/1997 6:11
499,75,1,20/09/1997 6:11
502,107,1,20/09/1997 6:11
504,159,2,20/09/1997 6:11
505,205,1,20/09/1997 6:11
506,847,1,20/09/1997 6:11
507,97,1,20/09/1997 6:11
508,1025,1,20/09/1997 6:11
508,167,1,20/09/1997 6:11
508,98,1,20/09/1997 6:11
508,2315,1,20/09/1997 6:11
508,159,1,20/09/1997 6:11
508,145,1,20/09/1997 6:11
508,85,1,20/09/1997 6:11
508,3484,1,20/09/1997 6:11
508,3054,1,20/09/1997 6:11
514,97,2,20/09/1997 6:11
518,3171,1,20/09/1997 6:11
518,97,1,20/09/1997 6:11
518,1025,1,20/09/1997 6:11
518,151,1,20/09/1997 6:11
518,3168,1,20/09/1997 6:11
520,90,1,20/09/1997 6:11
520,3486,1,20/09/1997 6:11
523,107,1,20/09/1997 6:11
524,94,1,20/09/1997 6:11
524,98,1,20/09/1997 6:11
524,3275,1,20/09/1997 6:11
531,151,1,20/09/1997 6:11
532,98,2,20/09/1997 6:11
543,172,1,20/09/1997 6:11
549,3171,1,20/09/1997 6:11
550,97,1,20/09/1997 6:11
551,723,1,20/09/1997 6:11
552,3485,1,20/09/1997 6:11
555,97,2,20/09/1997 6:11
556,3483,1,20/09/1997 6:11
557,94,1,20/09/1997 6:11
561,107,1,20/09/1997 6:11
567,3171,1,20/09/1997 6:11
567,75,2,20/09/1997 6:11
567,1025,1,20/09/1997 6:11
572,91,2,20/09/1997 6:11
572,75,2,20/09/1997 6:11
572,98,2,20/09/1997 6:11
575,723,1,20/09/1997 6:11
577,91,1,20/09/1997 6:11
577,75,2,20/09/1997 6:11
577,1025,1,20/09/1997 6:11
577,106,1,20/09/1997 6:11
577,90,1,20/09/1997 6:11
577,1971,1,20/09/1997 6:11
577,175,2,20/09/1997 6:11
580,91,1,20/09/1997 6:11
580,723,1,20/09/1997 6:11
581,151,2,20/09/1997 6:11
590,115,1,20/09/1997 6:11
595,91,2,20/09/1997 6:11
598,106,1,20/09/1997 6:11
602,1025,1,20/09/1997 6:11
605,75,1,20/09/1997 6:11
605,151,1,20/09/1997 6:11
605,115,1,20/09/1997 6:11
605,98,1,20/09/1997 6:11
607,3168,1,20/09/1997 6:11
608,90,1,20/09/1997 6:11
611,474,1,20/09/1997 6:11
615,91,2,20/09/1997 6:11
615,114,1,20/09/1997 6:11
615,97,2,20/09/1997 6:11
615,94,2,20/09/1997 6:11
615,75,2,20/09/1997 6:11
615,1025,2,20/09/1997 6:11
615,151,1,20/09/1997 6:11
615,167,2,20/09/1997 6:11
615,115,2,20/09/1997 6:11
615,3485,1,20/09/1997 6:11
615,153,2,20/09/1997 6:11
615,2992,2,20/09/1997 6:11
615,98,2,20/09/1997 6:11
615,83,1,20/09/1997 6:11
615,173,2,20/09/1997 6:11
615,3470,2,20/09/1997 6:11
615,106,2,20/09/1997 6:11
615,171,2,20/09/1997 6:11
615,3481,1,20/09/1997 6:11
615,847,2,20/09/1997 6:11
615,3483,1,20/09/1997 6:11
615,2969,2,20/09/1997 6:11
615,3514,2,20/09/1997 6:11
615,3471,2,20/09/1997 6:11
615,2062,1,20/09/1997 6:11
615,3486,2,20/09/1997 6:11
615,3484,2,20/09/1997 6:11
615,175,1,20/09/1997 6:11
615,2978,2,20/09/1997 6:11
615,890,2,20/09/1997 6:11
615,2794,2,20/09/1997 6:11
615,3063,2,20/09/1997 6:11
615,3165,2,20/09/1997 6:11
615,3057,2,20/09/1997 6:11
615,2870,2,20/09/1997 6:11
615,3510,2,20/09/1997 6:11
615,3472,2,20/09/1997 6:11
616,151,1,20/09/1997 6:11
618,91,1,20/09/1997 6:11
622,97,2,20/09/1997 6:11
623,91,2,20/09/1997 6:11
623,114,2,20/09/1997 6:11
623,97,1,20/09/1997 6:11
623,94,2,20/09/1997 6:11
623,75,1,20/09/1997 6:11
623,1025,1,20/09/1997 6:11
623,115,1,20/09/1997 6:11
623,98,1,20/09/1997 6:11
623,106,2,20/09/1997 6:11
623,2813,1,20/09/1997 6:11
623,827,2,20/09/1997 6:11
623,1811,1,20/09/1997 6:11
623,112,1,20/09/1997 6:11
624,75,2,20/09/1997 6:11
627,94,1,20/09/1997 6:11
627,75,1,20/09/1997 6:11
627,115,1,20/09/1997 6:11
627,106,1,20/09/1997 6:11
627,2062,1,20/09/1997 6:11
633,75,1,20/09/1997 6:11
636,91,1,20/09/1997 6:11
640,3470,1,20/09/1997 6:11
640,106,1,20/09/1997 6:11
642,94,1,20/09/1997 6:11
642,115,1,20/09/1997 6:11
646,2992,1,20/09/1997 6:11
646,847,1,20/09/1997 6:11
646,2813,1,20/09/1997 6:11
647,172,1,20/09/1997 6:11
648,172,1,20/09/1997 6:11
651,97,2,20/09/1997 6:11
651,75,2,20/09/1997 6:11
651,151,2,20/09/1997 6:11
651,825,2,20/09/1997 6:11
652,151,2,20/09/1997 6:11
653,107,1,20/09/1997 6:11
653,439,1,20/09/1997 6:11
654,97,1,20/09/1997 6:11
655,3275,1,20/09/1997 6:11
655,3168,1,20/09/1997 6:11
655,95,1,20/09/1997 6:11
656,97,2,20/09/1997 6:11
656,151,1,20/09/1997 6:11
656,98,2,20/09/1997 6:11
656,172,1,20/09/1997 6:11
656,3275,1,20/09/1997 6:11
656,847,1,20/09/1997 6:11
656,3168,1,20/09/1997 6:11
656,1306,1,20/09/1997 6:11
657,94,1,20/09/1997 6:11
658,85,1,20/09/1997 6:11
660,115,1,20/09/1997 6:11
662,151,1,20/09/1997 6:11
662,890,2,20/09/1997 6:11
663,3514,1,20/09/1997 6:11
667,1401,1,20/09/1997 6:11
672,114,2,20/09/1997 6:11
674,94,2,20/09/1997 6:11
674,75,1,20/09/1997 6:11
675,3275,2,20/09/1997 6:11
677,151,1,20/09/1997 6:11
678,115,1,20/09/1997 6:11
679,2813,1,20/09/1997 6:11
683,75,2,20/09/1997 6:11
683,151,2,20/09/1997 6:11
690,115,2,20/09/1997 6:11
691,107,1,20/09/1997 6:11
692,91,1,20/09/1997 6:11
692,115,1,20/09/1997 6:11
692,172,1,20/09/1997 6:11
692,106,1,20/09/1997 6:11
692,171,1,20/09/1997 6:11
692,1400,1,20/09/1997 6:11
693,97,1,20/09/1997 6:11
695,172,1,20/09/1997 6:11
696,98,2,20/09/1997 6:11
698,1025,2,20/09/1997 6:11
704,75,2,20/09/1997 6:11
707,3275,1,20/09/1997 6:11
709,94,1,20/09/1997 6:11
719,106,2,20/09/1997 6:11
721,115,2,20/09/1997 6:11
722,1025,1,20/09/1997 6:11
724,94,1,20/09/1997 6:11
728,3470,1,20/09/1997 6:11
729,3171,1,20/09/1997 6:11
731,3470,1,20/09/1997 6:11
731,106,1,20/09/1997 6:11
731,723,1,20/09/1997 6:11
732,75,1,20/09/1997 6:11
736,83,1,20/09/1997 6:11
739,94,1,20/09/1997 6:11
739,115,1,20/09/1997 6:11
739,3481,1,20/09/1997 6:11
751,97,1,20/09/1997 6:11
751,90,1,20/09/1997 6:11
752,94,1,20/09/1997 6:11
755,3275,1,20/09/1997 6:11
756,1025,2,20/09/1997 6:11
758,2992,2,20/09/1997 6:11
759,3275,1,20/09/1997 6:11
762,172,1,20/09/1997 6:11
763,106,1,20/09/1997 6:11
763,171,1,20/09/1997 6:11
763,1306,1,20/09/1997 6:11
768,2870,2,20/09/1997 6:11
769,97,1,20/09/1997 6:11
769,1306,1,20/09/1997 6:11
769,723,1,20/09/1997 6:11
769,734,1,20/09/1997 6:11
771,94,2,20/09/1997 6:11
771,75,2,20/09/1997 6:11
771,1025,2,20/09/1997 6:11
771,98,2,20/09/1997 6:11
772,85,2,20/09/1997 6:11
772,82,2,20/09/1997 6:11
773,75,2,20/09/1997 6:11
774,94,2,20/09/1997 6:11
779,97,1,20/09/1997 6:11
779,106,1,20/09/1997 6:11
779,90,1,20/09/1997 6:11
780,115,2,20/09/1997 6:11
784,94,2,20/09/1997 6:11
784,92,2,20/09/1997 6:11
785,94,2,20/09/1997 6:11
786,75,1,20/09/1997 6:11
789,94,1,20/09/1997 6:11
790,94,2,20/09/1997 6:11
790,167,2,20/09/1997 6:11
790,98,2,20/09/1997 6:11
790,83,1,20/09/1997 6:11
794,3171,1,20/09/1997 6:11
794,172,1,20/09/1997 6:11
794,3484,1,20/09/1997 6:11
797,3485,2,20/09/1997 6:11
797,3481,1,20/09/1997 6:11
797,3514,1,20/09/1997 6:11
798,91,2,20/09/1997 6:11
803,115,1,20/09/1997 6:11
809,2315,1,20/09/1997 6:11
811,3482,1,20/09/1997 6:11
811,3485,1,20/09/1997 6:11
811,3275,1,20/09/1997 6:11
817,172,1,20/09/1997 6:11
818,175,1,20/09/1997 6:11
819,75,1,20/09/1997 6:11
819,151,1,20/09/1997 6:11
819,172,1,20/09/1997 6:11
819,107,1,20/09/1997 6:11
821,106,2,20/09/1997 6:11
823,75,2,20/09/1997 6:11
823,131,2,20/09/1997 6:11
824,97,1,20/09/1997 6:11
824,94,1,20/09/1997 6:11
825,94,1,20/09/1997 6:11
828,75,1,20/09/1997 6:11
830,2978,1,20/09/1997 6:11
831,734,1,20/09/1997 6:11
834,91,1,20/09/1997 6:11
834,114,1,20/09/1997 6:11
834,97,2,20/09/1997 6:11
834,94,2,20/09/1997 6:11
834,75,2,20/09/1997 6:11
834,151,2,20/09/1997 6:11
834,167,2,20/09/1997 6:11
834,115,2,20/09/1997 6:11
834,153,2,20/09/1997 6:11
834,98,2,20/09/1997 6:11
834,83,2,20/09/1997 6:11
834,172,2,20/09/1997 6:11
834,106,2,20/09/1997 6:11
834,171,1,20/09/1997 6:11
834,2813,2,20/09/1997 6:11
834,159,2,20/09/1997 6:11
834,1306,2,20/09/1997 6:11
834,2969,1,20/09/1997 6:11
834,84,2,20/09/1997 6:11
834,205,2,20/09/1997 6:11
834,82,1,20/09/1997 6:11
834,1402,1,20/09/1997 6:11
834,92,2,20/09/1997 6:11
834,119,2,20/09/1997 6:11
834,2794,2,20/09/1997 6:11
835,3275,1,20/09/1997 6:11
839,671,1,20/09/1997 6:11
841,3275,1,20/09/1997 6:11
842,3482,1,20/09/1997 6:11
850,3481,1,20/09/1997 6:11
851,2969,1,20/09/1997 6:11
854,2813,1,20/09/1997 6:11
860,83,1,20/09/1997 6:11
861,83,1,20/09/1997 6:11
862,3481,1,20/09/1997 6:11
868,3275,1,20/09/1997 6:11
870,97,2,20/09/1997 6:11
878,151,1,20/09/1997 6:11
879,3171,1,20/09/1997 6:11
883,172,1,20/09/1997 6:11
885,847,1,20/09/1997 6:11
886,151,1,20/09/1997 6:11
887,3168,1,20/09/1997 6:11
887,85,2,20/09/1997 6:11
891,151,1,20/09/1997 6:11
891,159,1,20/09/1997 6:11
891,82,1,20/09/1997 6:11
892,91,1,20/09/1997 6:11
892,75,2,20/09/1997 6:11
892,115,1,20/09/1997 6:11
892,2992,1,20/09/1997 6:11
897,94,1,20/09/1997 6:11
897,3275,1,20/09/1997 6:11
898,75,2,20/09/1997 6:11
901,173,2,20/09/1997 6:11
904,734,1,20/09/1997 6:11
907,106,2,20/09/1997 6:11
909,94,1,20/09/1997 6:11
910,94,1,20/09/1997 6:11
910,3482,1,20/09/1997 6:11
911,97,1,20/09/1997 6:11
912,151,1,20/09/1997 6:11
917,3275,1,20/09/1997 6:11
919,75,1,20/09/1997 6:11
920,2969,1,20/09/1997 6:11
922,3275,1,20/09/1997 6:11
923,91,1,20/09/1997 6:11
923,172,1,20/09/1997 6:11
925,114,1,20/09/1997 6:11
925,172,1,20/09/1997 6:11
925,106,1,20/09/1997 6:11
925,723,1,20/09/1997 6:11
925,734,1,20/09/1997 6:11
925,85,1,20/09/1997 6:11
930,2752,1,20/09/1997 6:11
932,723,1,20/09/1997 6:11
934,91,1,20/09/1997 6:11
934,97,1,20/09/1997 6:11
934,94,2,20/09/1997 6:11
934,75,1,20/09/1997 6:11
934,151,1,20/09/1997 6:11
934,167,1,20/09/1997 6:11
934,153,1,20/09/1997 6:11
934,83,1,20/09/1997 6:11
934,173,1,20/09/1997 6:11
934,2315,1,20/09/1997 6:11
934,106,1,20/09/1997 6:11
934,90,1,20/09/1997 6:11
934,159,1,20/09/1997 6:11
934,107,1,20/09/1997 6:11
934,1306,1,20/09/1997 6:11
934,145,1,20/09/1997 6:11
934,723,1,20/09/1997 6:11
934,84,1,20/09/1997 6:11
934,87,1,20/09/1997 6:11
934,671,1,20/09/1997 6:11
934,109,1,20/09/1997 6:11
934,82,1,20/09/1997 6:11
934,474,1,20/09/1997 6:11
934,95,1,20/09/1997 6:11
936,91,1,20/09/1997 6:11
936,97,2,20/09/1997 6:11
936,94,2,20/09/1997 6:11
936,75,2,20/09/1997 6:11
936,1025,2,20/09/1997 6:11
936,151,2,20/09/1997 6:11
936,167,2,20/09/1997 6:11
936,115,2,20/09/1997 6:11
936,106,2,20/09/1997 6:11
936,3275,1,20/09/1997 6:11
936,2813,1,20/09/1997 6:11
936,2969,1,20/09/1997 6:11
936,84,2,20/09/1997 6:11
936,205,2,20/09/1997 6:11
936,85,2,20/09/1997 6:11
936,87,2,20/09/1997 6:11
936,119,2,20/09/1997 6:11
936,2794,2,20/09/1997 6:11
936,2339,2,20/09/1997 6:11
938,115,1,20/09/1997 6:11
941,94,1,20/09/1997 6:11
942,75,2,20/09/1997 6:11
942,151,1,20/09/1997 6:11
942,2992,1,20/09/1997 6:11
942,847,1,20/09/1997 6:11
946,94,1,20/09/1997 6:11
946,3481,1,20/09/1997 6:11
947,2062,1,20/09/1997 6:11
948,91,1,20/09/1997 6:11
948,3171,1,20/09/1997 6:11
948,94,1,20/09/1997 6:11
948,115,1,20/09/1997 6:11
948,172,1,20/09/1997 6:11
948,3470,1,20/09/1997 6:11
948,106,1,20/09/1997 6:11
948,723,1,20/09/1997 6:11
948,734,1,20/09/1997 6:11
950,734,1,20/09/1997 6:11
951,3171,1,20/09/1997 6:11
951,115,1,20/09/1997 6:11
951,85,1,20/09/1997 6:11
953,94,1,20/09/1997 6:11
953,115,1,20/09/1997 6:11
953,106,1,20/09/1997 6:11
953,734,1,20/09/1997 6:11
953,217,1,20/09/1997 6:11
954,91,1,20/09/1997 6:11
954,734,1,20/09/1997 6:11
955,106,2,20/09/1997 6:11
955,3168,1,20/09/1997 6:11
957,115,1,20/09/1997 6:11
964,85,1,20/09/1997 6:11
966,2992,1,20/09/1997 6:11
969,94,2,20/09/1997 6:11
969,75,2,20/09/1997 6:11
969,3485,2,20/09/1997 6:11
969,98,2,20/09/1997 6:11
969,3275,1,20/09/1997 6:11
969,3168,1,20/09/1997 6:11
969,181,1,20/09/1997 6:11
969,150,2,20/09/1997 6:11
970,1025,1,20/09/1997 6:11
972,94,2,20/09/1997 6:11
972,84,2,20/09/1997 6:11
974,3275,1,20/09/1997 6:11
980,3168,1,20/09/1997 6:11
982,75,2,20/09/1997 6:11
982,3485,1,20/09/1997 6:11
982,2969,1,20/09/1997 6:11
983,75,2,20/09/1997 6:11
983,3482,1,20/09/1997 6:11
983,3485,2,20/09/1997 6:11
983,3470,1,20/09/1997 6:11
983,3481,2,20/09/1997 6:11
983,145,2,20/09/1997 6:11
983,3514,2,20/09/1997 6:11
983,3484,2,20/09/1997 6:11
983,3025,2,20/09/1997 6:11
983,112,2,20/09/1997 6:11
983,3029,2,20/09/1997 6:11
983,3063,2,20/09/1997 6:11
983,3165,2,20/09/1997 6:11
983,3055,2,20/09/1997 6:11
983,3057,2,20/09/1997 6:11
984,3171,1,20/09/1997 6:11
985,3514,2,20/09/1997 6:11
989,3168,1,20/09/1997 6:11
995,3470,1,20/09/1997 6:11
998,1435,2,20/09/1997 6:11
1002,2992,2,20/09/1997 6:11
1007,107,1,20/09/1997 6:11
1010,91,2,20/09/1997 6:11
1013,75,2,20/09/1997 6:11
1014,172,1,20/09/1997 6:11
1016,151,1,20/09/1997 6:11
1017,91,1,20/09/1997 6:11
1020,172,2,20/09/1997 6:11
1021,91,1,20/09/1997 6:11
1021,94,1,20/09/1997 6:11
1021,167,1,20/09/1997 6:11
1021,115,1,20/09/1997 6:11
1021,2813,1,20/09/1997 6:11
1022,172,1,20/09/1997 6:11
1022,107,1,20/09/1997 6:11
1026,97,1,20/09/1997 6:11
1026,3485,1,20/09/1997 6:11
1029,94,2,20/09/1997 6:11
1034,91,2,20/09/1997 6:11
1035,97,2,20/09/1997 6:11
1036,3275,1,20/09/1997 6:11
1039,94,1,20/09/1997 6:11
1040,173,1,20/09/1997 6:11
1042,91,1,20/09/1997 6:11
1042,94,1,20/09/1997 6:11
1042,151,1,20/09/1997 6:11
1042,167,2,20/09/1997 6:11
1042,83,1,20/09/1997 6:11
1046,94,2,20/09/1997 6:11
1046,75,2,20/09/1997 6:11
1046,151,2,20/09/1997 6:11
1046,115,1,20/09/1997 6:11
1046,3481,1,20/09/1997 6:11
1046,847,1,20/09/1997 6:11
1046,2813,2,20/09/1997 6:11
1046,84,2,20/09/1997 6:11
1046,164,1,20/09/1997 6:11
1046,1811,2,20/09/1997 6:11
1046,150,2,20/09/1997 6:11
1047,172,1,20/09/1997 6:11
1050,3168,1,20/09/1997 6:11
1051,1025,1,20/09/1997 6:11
1051,172,1,20/09/1997 6:11
1054,94,1,20/09/1997 6:11
1054,75,2,20/09/1997 6:11
1054,1025,1,20/09/1997 6:11
1054,3482,1,20/09/1997 6:11
1054,98,1,20/09/1997 6:11
1054,172,1,20/09/1997 6:11
1054,3275,1,20/09/1997 6:11
1054,145,1,20/09/1997 6:11
1055,3470,1,20/09/1997 6:11
1055,3275,1,20/09/1997 6:11
1060,3275,1,20/09/1997 6:11
1067,151,2,20/09/1997 6:11
1067,175,2,20/09/1997 6:11
1068,97,1,20/09/1997 6:11
1068,151,1,20/09/1997 6:11
1070,172,1,20/09/1997 6:11
1071,173,2,20/09/1997 6:11
1072,1025,2,20/09/1997 6:11
1074,107,1,20/09/1997 6:11
1077,847,2,20/09/1997 6:11
1078,115,1,20/09/1997 6:11
1081,91,1,20/09/1997 6:11
1084,151,1,20/09/1997 6:11
1085,94,2,20/09/1997 6:11
1086,3275,1,20/09/1997 6:11
1089,115,1,20/09/1997 6:11
1090,723,1,20/09/1997 6:11
1096,115,1,20/09/1997 6:11
1100,3275,1,20/09/1997 6:11
1102,91,1,20/09/1997 6:11
1102,97,1,20/09/1997 6:11
1102,1025,1,20/09/1997 6:11
1102,172,1,20/09/1997 6:11
1102,106,1,20/09/1997 6:11
1102,3275,1,20/09/1997 6:11
1102,1306,1,20/09/1997 6:11
1102,734,1,20/09/1997 6:11
1103,171,1,20/09/1997 6:11
1104,83,1,20/09/1997 6:11
1105,75,2,20/09/1997 6:11
1105,150,2,20/09/1997 6:11
1106,75,2,20/09/1997 6:11
1108,91,1,20/09/1997 6:11
1109,1025,1,20/09/1997 6:11
1111,97,1,20/09/1997 6:11
1112,151,2,20/09/1997 6:11
1113,173,2,20/09/1997 6:11
1113,3470,1,20/09/1997 6:11
1119,167,1,20/09/1997 6:11
1120,151,1,20/09/1997 6:11
1120,85,1,20/09/1997 6:11
1121,97,2,20/09/1997 6:11
1122,1025,2,20/09/1997 6:11
1126,75,2,20/09/1997 6:11
1126,278,2,20/09/1997 6:11
1127,151,1,20/09/1997 6:11
1129,75,1,20/09/1997 6:11
1129,3481,1,20/09/1997 6:11
1135,3481,1,20/09/1997 6:11
1136,75,1,20/09/1997 6:11
1136,151,1,20/09/1997 6:11
1138,94,2,20/09/1997 6:11
1139,106,1,20/09/1997 6:11
1145,3168,1,20/09/1997 6:11
1149,172,2,20/09/1997 6:11
1149,92,2,20/09/1997 6:11
1151,91,1,20/09/1997 6:11
1153,167,2,20/09/1997 6:11
1154,83,1,20/09/1997 6:11
1157,151,1,20/09/1997 6:11
1159,85,2,20/09/1997 6:11
1160,1811,1,20/09/1997 6:11
1161,91,1,20/09/1997 6:11
1161,173,2,20/09/1997 6:11
1162,159,2,20/09/1997 6:11
1165,3514,1,20/09/1997 6:11
1166,167,2,20/09/1997 6:11
1167,3171,1,20/09/1997 6:11
1179,1306,1,20/09/1997 6:11
1188,173,1,20/09/1997 6:11
1188,106,1,20/09/1997 6:11
1191,115,1,20/09/1997 6:11
1193,91,2,20/09/1997 6:11
1201,106,1,20/09/1997 6:11
1206,107,1,20/09/1997 6:11
1208,83,1,20/09/1997 6:11
1209,3275,1,20/09/1997 6:11
1211,3168,1,20/09/1997 6:11
1212,91,1,20/09/1997 6:11
1212,98,2,20/09/1997 6:11
1214,75,2,20/09/1997 6:11
1215,75,2,20/09/1997 6:11
1218,151,2,20/09/1997 6:11
1218,82,2,20/09/1997 6:11
1220,75,2,20/09/1997 6:11
1221,75,2,20/09/1997 6:11
1223,2813,2,20/09/1997 6:11
1224,1811,2,20/09/1997 6:11
1226,75,2,20/09/1997 6:11
1230,75,2,20/09/1997 6:11
1237,75,2,20/09/1997 6:11
1239,75,2,20/09/1997 6:11
1240,75,2,20/09/1997 6:11
1241,2813,2,20/09/1997 6:11
1242,2813,2,20/09/1997 6:11
1245,75,2,20/09/1997 6:11
1246,150,2,20/09/1997 6:11
1247,75,2,20/09/1997 6:11
1249,75,2,20/09/1997 6:11
1250,75,2,20/09/1997 6:11
1251,2813,2,20/09/1997 6:11
1253,75,2,20/09/1997 6:11
1254,75,2,20/09/1997 6:11
1257,151,2,20/09/1997 6:11
1263,278,2,20/09/1997 6:11
1265,75,2,20/09/1997 6:11
1267,75,2,20/09/1997 6:11
1268,112,2,20/09/1997 6:11
1269,75,2,20/09/1997 6:11
1272,75,2,20/09/1997 6:11
1272,1811,2,20/09/1997 6:11
1273,75,2,20/09/1997 6:11
1275,75,2,20/09/1997 6:11
1278,140,2,20/09/1997 6:11
1285,75,2,20/09/1997 6:11
1286,75,2,20/09/1997 6:11
1289,94,2,20/09/1997 6:11
1289,75,2,20/09/1997 6:11
1290,75,2,20/09/1997 6:11
1295,75,2,20/09/1997 6:11
1298,75,2,20/09/1997 6:11
1300,75,2,20/09/1997 6:11
1300,109,2,20/09/1997 6:11
1308,75,2,20/09/1997 6:11
1310,75,2,20/09/1997 6:11
1315,75,2,20/09/1997 6:11
1317,75,2,20/09/1997 6:11
1319,75,2,20/09/1997 6:11
1324,75,2,20/09/1997 6:11
1325,2813,2,20/09/1997 6:11
1326,75,2,20/09/1997 6:11
1327,75,2,20/09/1997 6:11
1328,75,2,20/09/1997 6:11
1329,75,2,20/09/1997 6:11
1330,75,2,20/09/1997 6:11
1333,75,2,20/09/1997 6:11
1334,94,2,20/09/1997 6:11
1334,106,2,20/09/1997 6:11
1337,75,2,20/09/1997 6:11
1340,94,2,20/09/1997 6:11
1341,97,2,20/09/1997 6:11
1341,94,2,20/09/1997 6:11
1341,75,2,20/09/1997 6:11
1341,140,2,20/09/1997 6:11
1342,75,2,20/09/1997 6:11
1344,75,2,20/09/1997 6:11
1345,75,2,20/09/1997 6:11
1346,75,2,20/09/1997 6:11
1348,75,2,20/09/1997 6:11
1350,75,2,20/09/1997 6:11
1351,112,2,20/09/1997 6:11
1354,97,2,20/09/1997 6:11
1354,94,2,20/09/1997 6:11
1354,75,2,20/09/1997 6:11
1354,115,2,20/09/1997 6:11
1354,172,2,20/09/1997 6:11
1354,106,2,20/09/1997 6:11
1354,82,2,20/09/1997 6:11
1354,119,2,20/09/1997 6:11
1355,1811,2,20/09/1997 6:11
1357,278,2,20/09/1997 6:11
1361,75,2,20/09/1997 6:11
1363,75,2,20/09/1997 6:11
1365,75,2,20/09/1997 6:11
1367,75,2,20/09/1997 6:11
1369,75,2,20/09/1997 6:11
1372,94,2,20/09/1997 6:11
1372,75,2,20/09/1997 6:11
1376,75,2,20/09/1997 6:11
1378,75,2,20/09/1997 6:11
1379,75,2,20/09/1997 6:11
1380,75,2,20/09/1997 6:11
1381,75,2,20/09/1997 6:11
1382,75,2,20/09/1997 6:11
1383,75,2,20/09/1997 6:11
1384,75,2,20/09/1997 6:11
1388,112,2,20/09/1997 6:11
1389,75,2,20/09/1997 6:11
1389,85,2,20/09/1997 6:11
1389,1811,2,20/09/1997 6:11
1390,94,2,20/09/1997 6:11
1390,75,2,20/09/1997 6:11
1390,150,2,20/09/1997 6:11
1392,1811,2,20/09/1997 6:11
1393,75,2,20/09/1997 6:11
1394,75,2,20/09/1997 6:11
1397,75,2,20/09/1997 6:11
1397,109,2,20/09/1997 6:11
1401,75,2,20/09/1997 6:11
1402,2813,2,20/09/1997 6:11
1403,75,2,20/09/1997 6:11
1404,2813,2,20/09/1997 6:11
1406,75,2,20/09/1997 6:11
1407,75,2,20/09/1997 6:11
1407,98,2,20/09/1997 6:11
1407,83,2,20/09/1997 6:11
1407,2813,2,20/09/1997 6:11
1407,84,2,20/09/1997 6:11
1407,278,2,20/09/1997 6:11
1408,75,2,20/09/1997 6:11
1411,75,2,20/09/1997 6:11
1413,75,2,20/09/1997 6:11
1414,94,2,20/09/1997 6:11
1415,75,2,20/09/1997 6:11
1417,150,2,20/09/1997 6:11
1418,75,2,20/09/1997 6:11
1419,75,2,20/09/1997 6:11
1420,75,2,20/09/1997 6:11
1421,75,2,20/09/1997 6:11
1422,75,2,20/09/1997 6:11
1424,75,2,20/09/1997 6:11
1425,91,2,20/09/1997 6:11
1425,97,2,20/09/1997 6:11
1425,94,2,20/09/1997 6:11
1425,75,2,20/09/1997 6:11
1425,151,2,20/09/1997 6:11
1425,115,2,20/09/1997 6:11
1425,1971,2,20/09/1997 6:11
1425,119,2,20/09/1997 6:11
1425,1016,2,20/09/1997 6:11
1426,75,2,20/09/1997 6:11
1428,94,2,20/09/1997 6:11
1438,94,2,20/09/1997 6:11
1443,151,2,20/09/1997 6:11
1451,151,2,20/09/1997 6:11
1465,83,2,20/09/1997 6:11
1469,94,2,20/09/1997 6:11
1470,94,2,20/09/1997 6:11
1500,97,2,20/09/1997 6:11
1512,94,2,20/09/1997 6:11
1516,94,2,20/09/1997 6:11
1557,172,2,20/09/1997 6:11
1558,172,2,20/09/1997 6:11
1559,172,2,20/09/1997 6:11
1560,172,2,20/09/1997 6:11
1561,172,2,20/09/1997 6:11
1562,172,2,20/09/1997 6:11
1563,172,2,20/09/1997 6:11
1564,172,2,20/09/1997 6:11
1565,172,2,20/09/1997 6:11
1566,172,2,20/09/1997 6:11
1567,172,2,20/09/1997 6:11
1568,172,2,20/09/1997 6:11
1569,172,2,20/09/1997 6:11
1570,172,2,20/09/1997 6:11
1571,172,2,20/09/1997 6:11
1572,172,2,20/09/1997 6:11
1573,172,2,20/09/1997 6:11
1574,172,2,20/09/1997 6:11
1575,172,2,20/09/1997 6:11
1576,172,2,20/09/1997 6:11
1577,172,2,20/09/1997 6:11
1578,97,2,20/09/1997 6:11
1578,151,2,20/09/1997 6:11
1578,172,2,20/09/1997 6:11
1578,106,2,20/09/1997 6:11
1578,92,2,20/09/1997 6:11
1579,172,2,20/09/1997 6:11
1581,172,2,20/09/1997 6:11
1582,172,2,20/09/1997 6:11
1583,172,2,20/09/1997 6:11
1584,172,2,20/09/1997 6:11
1585,172,2,20/09/1997 6:11
1586,172,2,20/09/1997 6:11
1587,172,2,20/09/1997 6:11
1588,172,2,20/09/1997 6:11
1589,172,2,20/09/1997 6:11
1590,172,2,20/09/1997 6:11
1591,172,2,20/09/1997 6:11
1592,172,2,20/09/1997 6:11
1593,172,2,20/09/1997 6:11
1594,172,2,20/09/1997 6:11
1595,172,2,20/09/1997 6:11
1596,172,2,20/09/1997 6:11
1597,172,2,20/09/1997 6:11
1598,172,2,20/09/1997 6:11
1599,172,2,20/09/1997 6:11
1600,172,2,20/09/1997 6:11
1601,172,2,20/09/1997 6:11
1602,172,2,20/09/1997 6:11
1603,172,2,20/09/1997 6:11
1604,172,2,20/09/1997 6:11
1605,172,2,20/09/1997 6:11
1606,172,2,20/09/1997 6:11
1607,172,2,20/09/1997 6:11
1608,172,2,20/09/1997 6:11
1609,172,2,20/09/1997 6:11
1610,172,2,20/09/1997 6:11
1611,172,2,20/09/1997 6:11
1612,172,2,20/09/1997 6:11
1613,172,2,20/09/1997 6:11
1614,172,2,20/09/1997 6:11
1615,172,2,20/09/1997 6:11
1616,172,2,20/09/1997 6:11
1617,172,2,20/09/1997 6:11
1618,172,2,20/09/1997 6:11
1619,172,2,20/09/1997 6:11
1620,172,2,20/09/1997 6:11
1621,172,2,20/09/1997 6:11
1622,172,2,20/09/1997 6:11
1623,172,2,20/09/1997 6:11
1624,172,2,20/09/1997 6:11
1625,172,2,20/09/1997 6:11
1626,172,2,20/09/1997 6:11
1627,172,2,20/09/1997 6:11
1628,172,2,20/09/1997 6:11
1629,172,2,20/09/1997 6:11
1630,172,2,20/09/1997 6:11
1631,172,2,20/09/1997 6:11
1632,172,2,20/09/1997 6:11
1633,172,2,20/09/1997 6:11
1634,172,2,20/09/1997 6:11
1635,172,2,20/09/1997 6:11
1636,172,2,20/09/1997 6:11
1637,172,2,20/09/1997 6:11
1638,172,2,20/09/1997 6:11
1639,172,2,20/09/1997 6:11
1640,172,2,20/09/1997 6:11
1641,172,2,20/09/1997 6:11
1642,172,2,20/09/1997 6:11
1643,172,2,20/09/1997 6:11
1644,172,2,20/09/1997 6:11
1645,172,2,20/09/1997 6:11
1646,172,2,20/09/1997 6:11
1647,172,2,20/09/1997 6:11
1648,172,2,20/09/1997 6:11
1649,172,2,20/09/1997 6:11
1650,172,2,20/09/1997 6:11
1651,172,2,20/09/1997 6:11
1652,172,2,20/09/1997 6:11
1653,172,2,20/09/1997 6:11
1654,172,2,20/09/1997 6:11
1655,172,2,20/09/1997 6:11
1656,172,2,20/09/1997 6:11
1657,172,2,20/09/1997 6:11
1658,172,2,20/09/1997 6:11
1659,172,2,20/09/1997 6:11
1660,172,2,20/09/1997 6:11
1661,172,2,20/09/1997 6:11
1662,172,2,20/09/1997 6:11
1663,172,2,20/09/1997 6:11
1664,172,2,20/09/1997 6:11
1665,172,2,20/09/1997 6:11
1666,172,2,20/09/1997 6:11
1667,172,2,20/09/1997 6:11
1668,172,2,20/09/1997 6:11
1669,172,2,20/09/1997 6:11
1670,172,2,20/09/1997 6:11
1671,172,2,20/09/1997 6:11
1672,172,2,20/09/1997 6:11
1673,172,2,20/09/1997 6:11
1674,172,2,20/09/1997 6:11
1675,151,2,20/09/1997 6:11
1676,172,2,20/09/1997 6:11
1677,172,2,20/09/1997 6:11
1678,172,2,20/09/1997 6:11
1679,172,2,20/09/1997 6:11
1680,172,2,20/09/1997 6:11
1681,172,2,20/09/1997 6:11
1682,172,2,20/09/1997 6:11
1683,172,2,20/09/1997 6:11
1684,172,2,20/09/1997 6:11
1685,172,2,20/09/1997 6:11
1686,172,2,20/09/1997 6:11
1687,172,2,20/09/1997 6:11
1688,75,2,20/09/1997 6:11
1689,172,2,20/09/1997 6:11
1690,172,2,20/09/1997 6:11
1691,172,2,20/09/1997 6:11
1692,172,2,20/09/1997 6:11
1693,172,2,20/09/1997 6:11
1694,172,2,20/09/1997 6:11
1695,172,2,20/09/1997 6:11
1696,172,2,20/09/1997 6:11
1697,172,2,20/09/1997 6:11
1698,172,2,20/09/1997 6:11
1699,172,2,20/09/1997 6:11
1700,172,2,20/09/1997 6:11
1701,172,2,20/09/1997 6:11
1702,172,2,20/09/1997 6:11
1703,172,2,20/09/1997 6:11
1704,172,2,20/09/1997 6:11
1705,172,2,20/09/1997 6:11
1706,172,2,20/09/1997 6:11
1707,172,2,20/09/1997 6:11
1708,172,2,20/09/1997 6:11
1709,172,2,20/09/1997 6:11
1710,172,2,20/09/1997 6:11
1711,172,2,20/09/1997 6:11
1712,172,2,20/09/1997 6:11
1713,172,2,20/09/1997 6:11
1714,97,2,20/09/1997 6:11
1715,172,2,20/09/1997 6:11
1716,172,2,20/09/1997 6:11
1717,172,2,20/09/1997 6:11
1718,92,2,20/09/1997 6:11
1719,172,2,20/09/1997 6:11
1720,172,2,20/09/1997 6:11
1721,172,2,20/09/1997 6:11
1722,172,2,20/09/1997 6:11
1723,172,2,20/09/1997 6:11
1724,172,2,20/09/1997 6:11
1725,172,2,20/09/1997 6:11
1726,172,2,20/09/1997 6:11
1727,75,2,20/09/1997 6:11
1728,172,2,20/09/1997 6:11
1729,172,2,20/09/1997 6:11
1730,172,2,20/09/1997 6:11
1731,172,2,20/09/1997 6:11
1732,75,2,20/09/1997 6:11
1733,172,2,20/09/1997 6:11
1734,172,2,20/09/1997 6:11
1735,94,2,20/09/1997 6:11
1736,172,2,20/09/1997 6:11
1737,172,2,20/09/1997 6:11
1738,172,2,20/09/1997 6:11
1739,172,2,20/09/1997 6:11
1740,172,2,20/09/1997 6:11
1741,94,2,20/09/1997 6:11
1741,172,2,20/09/1997 6:11
1742,172,2,20/09/1997 6:11
1743,75,2,20/09/1997 6:11
1744,172,2,20/09/1997 6:11
1745,172,2,20/09/1997 6:11
1746,172,2,20/09/1997 6:11
1747,172,2,20/09/1997 6:11
1748,172,2,20/09/1997 6:11
1749,172,2,20/09/1997 6:11
1750,172,2,20/09/1997 6:11
1751,172,2,20/09/1997 6:11
1752,172,2,20/09/1997 6:11
1753,172,2,20/09/1997 6:11
1754,172,2,20/09/1997 6:11
1755,172,2,20/09/1997 6:11
1756,172,2,20/09/1997 6:11
1757,172,2,20/09/1997 6:11
1758,172,2,20/09/1997 6:11
1759,172,2,20/09/1997 6:11
1760,172,2,20/09/1997 6:11
1761,172,2,20/09/1997 6:11
1762,172,2,20/09/1997 6:11
1763,172,2,20/09/1997 6:11
1764,172,2,20/09/1997 6:11
1765,172,2,20/09/1997 6:11
1766,172,2,20/09/1997 6:11
1767,172,2,20/09/1997 6:11
1768,172,2,20/09/1997 6:11
1769,172,2,20/09/1997 6:11
1770,172,2,20/09/1997 6:11
1771,172,2,20/09/1997 6:11
1772,172,2,20/09/1997 6:11
1773,172,2,20/09/1997 6:11
1774,172,2,20/09/1997 6:11
1775,172,2,20/09/1997 6:11
1776,172,2,20/09/1997 6:11
1777,172,2,20/09/1997 6:11
1778,172,2,20/09/1997 6:11
1779,172,2,20/09/1997 6:11
1780,172,2,20/09/1997 6:11
1781,172,2,20/09/1997 6:11
1782,172,2,20/09/1997 6:11
1783,172,2,20/09/1997 6:11
1784,172,2,20/09/1997 6:11
1785,172,2,20/09/1997 6:11
1786,172,2,20/09/1997 6:11
1787,172,2,20/09/1997 6:11
1788,172,2,20/09/1997 6:11
1789,172,2,20/09/1997 6:11
1790,172,2,20/09/1997 6:11
1791,172,2,20/09/1997 6:11
1792,172,2,20/09/1997 6:11
1793,172,2,20/09/1997 6:11
1794,172,2,20/09/1997 6:11
1795,172,2,20/09/1997 6:11
1796,151,2,20/09/1997 6:11
1796,172,2,20/09/1997 6:11
1797,172,2,20/09/1997 6:11
1798,75,2,20/09/1997 6:11
1799,172,2,20/09/1997 6:11
1800,172,2,20/09/1997 6:11
1801,75,2,20/09/1997 6:11
1802,97,2,20/09/1997 6:11
1802,94,2,20/09/1997 6:11
1802,151,2,20/09/1997 6:11
1802,115,2,20/09/1997 6:11
1802,106,2,20/09/1997 6:11
1802,119,2,20/09/1997 6:11
1803,75,2,20/09/1997 6:11
1804,172,2,20/09/1997 6:11
1805,172,2,20/09/1997 6:11
1806,172,2,20/09/1997 6:11
1807,75,2,20/09/1997 6:11
1808,172,2,20/09/1997 6:11
1809,172,2,20/09/1997 6:11
1810,172,2,20/09/1997 6:11
1811,172,2,20/09/1997 6:11
1812,172,2,20/09/1997 6:11
1813,172,2,20/09/1997 6:11
1814,172,2,20/09/1997 6:11
1815,172,2,20/09/1997 6:11
1816,172,2,20/09/1997 6:11
1817,172,2,20/09/1997 6:11
1818,172,2,20/09/1997 6:11
1819,172,2,20/09/1997 6:11
1820,172,2,20/09/1997 6:11
1821,172,2,20/09/1997 6:11
1822,172,2,20/09/1997 6:11
1823,172,2,20/09/1997 6:11
1824,172,2,20/09/1997 6:11
1825,172,2,20/09/1997 6:11
1826,172,2,20/09/1997 6:11
1827,172,2,20/09/1997 6:11
1828,172,2,20/09/1997 6:11
1829,172,2,20/09/1997 6:11
1830,172,2,20/09/1997 6:11
1831,172,2,20/09/1997 6:11
1832,172,2,20/09/1997 6:11
1833,172,2,20/09/1997 6:11
1834,97,2,20/09/1997 6:11
1835,172,2,20/09/1997 6:11
1836,172,2,20/09/1997 6:11
1837,172,2,20/09/1997 6:11
1838,172,2,20/09/1997 6:11
1839,172,2,20/09/1997 6:11
1840,172,2,20/09/1997 6:11
1841,172,2,20/09/1997 6:11
1842,172,2,20/09/1997 6:11
1843,172,2,20/09/1997 6:11
1844,172,2,20/09/1997 6:11
1845,172,2,20/09/1997 6:11
1846,172,2,20/09/1997 6:11
1847,172,2,20/09/1997 6:11
1848,172,2,20/09/1997 6:11
1849,172,2,20/09/1997 6:11
1850,172,2,20/09/1997 6:11
1851,172,2,20/09/1997 6:11
1852,172,2,20/09/1997 6:11
1853,172,2,20/09/1997 6:11
1854,172,2,20/09/1997 6:11
1855,172,2,20/09/1997 6:11
1856,172,2,20/09/1997 6:11
1857,172,2,20/09/1997 6:11
1858,172,2,20/09/1997 6:11
1859,172,2,20/09/1997 6:11
1860,172,2,20/09/1997 6:11
1861,172,2,20/09/1997 6:11
1862,172,2,20/09/1997 6:11
1863,172,2,20/09/1997 6:11
1864,172,2,20/09/1997 6:11
1867,151,2,20/09/1997 6:11
1884,94,2,20/09/1997 6:11
1893,97,2,20/09/1997 6:11
1908,91,2,20/09/1997 6:11
1919,75,2,20/09/1997 6:11
1926,97,2,20/09/1997 6:11
1931,94,2,20/09/1997 6:11
1931,75,2,20/09/1997 6:11
1931,278,2,20/09/1997 6:11
1933,75,2,20/09/1997 6:11
1937,171,2,20/09/1997 6:11
1938,151,2,20/09/1997 6:11
1939,828,2,20/09/1997 6:11
1990,82,2,20/09/1997 6:11
1992,82,2,20/09/1997 6:11
1994,82,2,20/09/1997 6:11
1996,82,2,20/09/1997 6:11
2021,75,2,20/09/1997 6:11
2032,114,2,20/09/1997 6:11
2032,159,2,20/09/1997 6:11
2037,151,2,20/09/1997 6:11
2043,97,2,20/09/1997 6:11
2043,159,2,20/09/1997 6:11
2058,151,2,20/09/1997 6:11
2067,140,2,20/09/1997 6:11
2096,114,2,20/09/1997 6:11
2097,75,2,20/09/1997 6:11
2098,75,2,20/09/1997 6:11
2109,97,2,20/09/1997 6:11
2118,97,2,20/09/1997 6:11
2120,151,2,20/09/1997 6:11
2122,106,2,20/09/1997 6:11
2129,97,2,20/09/1997 6:11
2141,106,2,20/09/1997 6:11
2160,97,2,20/09/1997 6:11
2175,115,2,20/09/1997 6:11
2209,97,2,20/09/1997 6:11
2239,94,2,20/09/1997 6:11
2241,75,2,20/09/1997 6:11
2242,106,2,20/09/1997 6:11
2248,94,2,20/09/1997 6:11
2267,97,2,20/09/1997 6:11
2267,151,2,20/09/1997 6:11
2267,115,2,20/09/1997 6:11
2267,106,2,20/09/1997 6:11
2267,171,2,20/09/1997 6:11
2288,94,2,20/09/1997 6:11
2292,75,2,20/09/1997 6:11
2299,106,2,20/09/1997 6:11
2301,84,2,20/09/1997 6:11
2305,75,2,20/09/1997 6:11
2309,94,2,20/09/1997 6:11
2310,97,2,20/09/1997 6:11
2319,94,2,20/09/1997 6:11
2319,175,2,20/09/1997 6:11
2325,94,2,20/09/1997 6:11
2326,75,2,20/09/1997 6:11
2333,84,2,20/09/1997 6:11
2335,97,2,20/09/1997 6:11
2335,85,2,20/09/1997 6:11
2335,131,2,20/09/1997 6:11
2338,115,2,20/09/1997 6:11
2341,94,2,20/09/1997 6:11
2346,151,2,20/09/1997 6:11
2360,94,2,20/09/1997 6:11
2361,94,2,20/09/1997 6:11
2362,94,2,20/09/1997 6:11
2363,97,2,20/09/1997 6:11
2364,75,2,20/09/1997 6:11
2365,75,2,20/09/1997 6:11
2373,94,2,20/09/1997 6:11
2374,75,2,20/09/1997 6:11
2376,94,2,20/09/1997 6:11
2377,94,2,20/09/1997 6:11
2382,94,2,20/09/1997 6:11
2383,106,2,20/09/1997 6:11
2384,75,2,20/09/1997 6:11
2386,94,2,20/09/1997 6:11
2392,94,2,20/09/1997 6:11
2393,75,2,20/09/1997 6:11
2397,75,2,20/09/1997 6:11
2405,94,2,20/09/1997 6:11
2406,151,2,20/09/1997 6:11
2414,115,2,20/09/1997 6:11
2416,97,2,20/09/1997 6:11
2418,87,2,20/09/1997 6:11
2422,151,2,20/09/1997 6:11
2447,164,2,20/09/1997 6:11
2462,164,2,20/09/1997 6:11
2464,164,2,20/09/1997 6:11
2465,164,2,20/09/1997 6:11
2472,115,2,20/09/1997 6:11
2488,164,2,20/09/1997 6:11
2493,94,2,20/09/1997 6:11
2494,164,2,20/09/1997 6:11
2500,94,2,20/09/1997 6:11
2505,164,2,20/09/1997 6:11
2514,164,2,20/09/1997 6:11
2516,164,2,20/09/1997 6:11
2527,164,2,20/09/1997 6:11
2534,164,2,20/09/1997 6:11
2551,94,2,20/09/1997 6:11
2557,164,2,20/09/1997 6:11
2565,84,2,20/09/1997 6:11
2569,151,2,20/09/1997 6:11
2574,75,2,20/09/1997 6:11
2582,97,2,20/09/1997 6:11
2585,151,2,20/09/1997 6:11
2588,2062,2,20/09/1997 6:11
2588,1400,2,20/09/1997 6:11
2591,94,2,20/09/1997 6:11
2591,151,2,20/09/1997 6:11
2592,106,2,20/09/1997 6:11
2603,585,2,20/09/1997 6:11
2604,106,2,20/09/1997 6:11
2608,94,2,20/09/1997 6:11
2626,97,2,20/09/1997 6:11
2627,97,2,20/09/1997 6:11
2629,97,2,20/09/1997 6:11
2640,97,2,20/09/1997 6:11
2641,97,2,20/09/1997 6:11
2642,97,2,20/09/1997 6:11
2655,97,2,20/09/1997 6:11
2660,97,2,20/09/1997 6:11
2661,97,2,20/09/1997 6:11
2662,97,2,20/09/1997 6:11
2680,171,2,20/09/1997 6:11
2682,828,2,20/09/1997 6:11
2696,114,2,20/09/1997 6:11
2696,75,2,20/09/1997 6:11
2710,119,2,20/09/1997 6:11
2711,119,2,20/09/1997 6:11
2716,94,2,20/09/1997 6:11
2718,94,2,20/09/1997 6:11
2722,97,2,20/09/1997 6:11
2753,94,2,20/09/1997 6:11
2761,171,2,20/09/1997 6:11
2768,94,2,20/09/1997 6:11
2775,114,2,20/09/1997 6:11
2808,106,2,20/09/1997 6:11
2813,94,2,20/09/1997 6:11
2821,97,2,20/09/1997 6:11
2825,97,2,20/09/1997 6:11
2833,151,2,20/09/1997 6:11
2835,115,2,20/09/1997 6:11
2839,150,2,20/09/1997 6:11
2840,151,2,20/09/1997 6:11
2846,94,2,20/09/1997 6:11
2847,94,2,20/09/1997 6:11
2864,94,2,20/09/1997 6:11
2887,95,2,20/09/1997 6:11
2890,97,2,20/09/1997 6:11
2894,131,2,20/09/1997 6:11
2898,97,2,20/09/1997 6:11
2899,150,2,20/09/1997 6:11
2900,97,2,20/09/1997 6:11
2904,97,2,20/09/1997 6:11
2909,97,2,20/09/1997 6:11
2911,94,2,20/09/1997 6:11
2912,150,2,20/09/1997 6:11
2913,150,2,20/09/1997 6:11
2916,151,2,20/09/1997 6:11
2920,119,2,20/09/1997 6:11
2924,97,2,20/09/1997 6:11
2925,151,2,20/09/1997 6:11
2927,94,2,20/09/1997 6:11
2930,150,2,20/09/1997 6:11
2938,151,2,20/09/1997 6:11
2939,97,2,20/09/1997 6:11
2942,97,2,20/09/1997 6:11
2943,150,2,20/09/1997 6:11
2945,94,2,20/09/1997 6:11
2946,94,2,20/09/1997 6:11
2951,106,2,20/09/1997 6:11
2952,151,2,20/09/1997 6:11
2953,106,2,20/09/1997 6:11
2955,97,2,20/09/1997 6:11
2960,97,2,20/09/1997 6:11
2973,94,2,20/09/1997 6:11
2974,115,2,20/09/1997 6:11
2989,115,2,20/09/1997 6:11
2995,114,2,20/09/1997 6:11
3012,159,2,20/09/1997 6:11
3015,97,2,20/09/1997 6:11
3016,97,2,20/09/1997 6:11
3040,97,2,20/09/1997 6:11
3047,94,2,20/09/1997 6:11
3063,94,2,20/09/1997 6:11
3067,97,2,20/09/1997 6:11
3067,151,2,20/09/1997 6:11
3067,153,2,20/09/1997 6:11
3067,171,2,20/09/1997 6:11
3067,159,2,20/09/1997 6:11
3067,119,2,20/09/1997 6:11
3067,174,2,20/09/1997 6:11
3070,115,2,20/09/1997 6:11
3078,102,2,20/09/1997 6:11
3078,95,2,20/09/1997 6:11
3078,103,2,20/09/1997 6:11
3098,151,2,20/09/1997 6:11
3108,94,2,20/09/1997 6:11
3113,97,2,20/09/1997 6:11
3149,94,2,20/09/1997 6:11
3158,1401,2,20/09/1997 6:11
3174,97,2,20/09/1997 6:11
3236,97,2,20/09/1997 6:11
3236,115,2,20/09/1997 6:11
3236,3063,2,20/09/1997 6:11
3236,3057,2,20/09/1997 6:11
3250,151,2,20/09/1997 6:11
3346,151,2,20/09/1997 6:11
3367,115,2,20/09/1997 6:11
3391,106,2,20/09/1997 6:11
3414,106,2,20/09/1997 6:11
3441,151,2,20/09/1997 6:11
3491,2315,2,20/09/1997 6:11
3518,115,2,20/09/1997 6:11
3521,115,2,20/09/1997 6:11
3529,97,2,20/09/1997 6:11
3529,94,2,20/09/1997 6:11
3529,75,2,20/09/1997 6:11
3529,151,2,20/09/1997 6:11
3529,115,2,20/09/1997 6:11
3529,217,2,20/09/1997 6:11
3529,119,2,20/09/1997 6:11
3540,1044,2,20/09/1997 6:11
3556,97,2,20/09/1997 6:11
3557,115,2,20/09/1997 6:11
3570,97,2,20/09/1997 6:11
3574,82,2,20/09/1997 6:11
3594,115,2,20/09/1997 6:11
3657,140,2,20/09/1997 6:11
3680,75,2,20/09/1997 6:11
3686,94,2,20/09/1997 6:11
3702,98,2,20/09/1997 6:11
3762,278,2,20/09/1997 6:11
3789,94,2,20/09/1997 6:11
3817,151,2,20/09/1997 6:11
3852,131,2,20/09/1997 6:11
3858,131,2,20/09/1997 6:11
3897,94,2,20/09/1997 6:11
3921,75,2,20/09/1997 6:11
3924,75,2,20/09/1997 6:11
4030,94,2,20/09/1997 6:11
4076,94,2,20/09/1997 6:11
4091,94,2,20/09/1997 6:11
4118,75,2,20/09/1997 6:11
4133,94,2,20/09/1997 6:11
4162,94,2,20/09/1997 6:11
4222,97,2,20/09/1997 6:11
4269,75,2,20/09/1997 6:11
4270,75,2,20/09/1997 6:11
4372,106,2,20/09/1997 6:11
4391,94,2,20/09/1997 6:11
4403,75,2,20/09/1997 6:11
4414,84,2,20/09/1997 6:11
4421,75,2,20/09/1997 6:11
4444,97,2,20/09/1997 6:11
4448,85,2,20/09/1997 6:11
4451,94,2,20/09/1997 6:11
4464,94,2,20/09/1997 6:11
4500,94,2,20/09/1997 6:11
4534,94,2,20/09/1997 6:11
4538,75,2,20/09/1997 6:11
4542,106,2,20/09/1997 6:11
4552,75,2,20/09/1997 6:11
4560,2978,2,20/09/1997 6:11
4565,115,2,20/09/1997 6:11
4570,75,2,20/09/1997 6:11
4571,75,2,20/09/1997 6:11
4577,75,2,20/09/1997 6:11
4578,75,2,20/09/1997 6:11
4579,75,2,20/09/1997 6:11
4580,75,2,20/09/1997 6:11
4581,2813,2,20/09/1997 6:11
4582,75,2,20/09/1997 6:11
4583,75,2,20/09/1997 6:11
4584,75,2,20/09/1997 6:11
4585,75,2,20/09/1997 6:11
4590,75,2,20/09/1997 6:11
4594,2813,2,20/09/1997 6:11
4595,75,2,20/09/1997 6:11
4596,75,2,20/09/1997 6:11
4606,75,2,20/09/1997 6:11
4608,75,2,20/09/1997 6:11
4609,75,2,20/09/1997 6:11
4612,439,2,20/09/1997 6:11
4614,75,2,20/09/1997 6:11
4615,2813,2,20/09/1997 6:11
4621,2813,2,20/09/1997 6:11
4622,2813,2,20/09/1997 6:11
4624,75,2,20/09/1997 6:11
4628,75,2,20/09/1997 6:11
4635,2813,2,20/09/1997 6:11
4638,2813,2,20/09/1997 6:11
4639,75,2,20/09/1997 6:11
4640,75,2,20/09/1997 6:11
4642,75,2,20/09/1997 6:11
4643,2813,2,20/09/1997 6:11
4644,2813,2,20/09/1997 6:11
4646,75,2,20/09/1997 6:11
4647,75,2,20/09/1997 6:11
4653,75,2,20/09/1997 6:11
4658,75,2,20/09/1997 6:11
4688,75,2,20/09/1997 6:11
4699,2813,2,20/09/1997 6:11
4702,2813,2,20/09/1997 6:11
4731,75,2,20/09/1997 6:11
4732,2813,2,20/09/1997 6:11
4733,75,2,20/09/1997 6:11
4734,2813,2,20/09/1997 6:11
4735,75,2,20/09/1997 6:11
4736,75,2,20/09/1997 6:11
4737,75,2,20/09/1997 6:11
4741,75,2,20/09/1997 6:11
4751,175,2,20/09/1997 6:11
4754,175,2,20/09/1997 6:11
4795,75,2,20/09/1997 6:11
4803,2813,2,20/09/1997 6:11
4804,75,2,20/09/1997 6:11
4806,2813,2,20/09/1997 6:11
4807,75,2,20/09/1997 6:11
4808,75,2,20/09/1997 6:11
4809,75,2,20/09/1997 6:11
4816,2813,2,20/09/1997 6:11
4817,2813,2,20/09/1997 6:11
4818,75,2,20/09/1997 6:11
4819,75,2,20/09/1997 6:11
4826,94,2,20/09/1997 6:11
4826,151,2,20/09/1997 6:11
4830,2813,2,20/09/1997 6:11
4831,2813,2,20/09/1997 6:11
4832,2813,2,20/09/1997 6:11
4839,75,2,20/09/1997 6:11
4840,75,2,20/09/1997 6:11
4840,3165,2,20/09/1997 6:11
4847,94,2,20/09/1997 6:11
4860,94,2,20/09/1997 6:11
4861,94,2,20/09/1997 6:11
4864,75,2,20/09/1997 6:11
4865,2813,2,20/09/1997 6:11
4867,2813,2,20/09/1997 6:11
4881,75,2,20/09/1997 6:11
4882,2813,2,20/09/1997 6:11
4883,75,2,20/09/1997 6:11
4884,2813,2,20/09/1997 6:11
4886,75,2,20/09/1997 6:11
4904,94,2,20/09/1997 6:11
4919,2813,2,20/09/1997 6:11
4921,75,2,20/09/1997 6:11
4922,2813,2,20/09/1997 6:11
4923,2813,2,20/09/1997 6:11
4924,2813,2,20/09/1997 6:11
4925,75,2,20/09/1997 6:11
4926,2813,2,20/09/1997 6:11
4928,2813,2,20/09/1997 6:11
4929,2813,2,20/09/1997 6:11
4930,75,2,20/09/1997 6:11
4932,75,2,20/09/1997 6:11
4933,2813,2,20/09/1997 6:11
4935,2813,2,20/09/1997 6:11
4938,75,2,20/09/1997 6:11
4939,2813,2,20/09/1997 6:11
4940,2813,2,20/09/1997 6:11
4941,75,2,20/09/1997 6:11
4943,2813,2,20/09/1997 6:11
4944,2813,2,20/09/1997 6:11
4945,2813,2,20/09/1997 6:11
4946,2813,2,20/09/1997 6:11
4948,2813,2,20/09/1997 6:11
4949,2813,2,20/09/1997 6:11
4950,2813,2,20/09/1997 6:11
4951,2813,2,20/09/1997 6:11
4953,75,2,20/09/1997 6:11
4954,75,2,20/09/1997 6:11
4955,2813,2,20/09/1997 6:11
4958,2813,2,20/09/1997 6:11
4960,2813,2,20/09/1997 6:11
4963,75,2,20/09/1997 6:11
4964,2813,2,20/09/1997 6:11
4965,2813,2,20/09/1997 6:11
4966,2813,2,20/09/1997 6:11
4979,2813,2,20/09/1997 6:11
4980,75,2,20/09/1997 6:11
4981,75,2,20/09/1997 6:11
4987,115,2,20/09/1997 6:11
4996,75,2,20/09/1997 6:11
4997,2813,2,20/09/1997 6:11
4998,75,2,20/09/1997 6:11
4999,75,2,20/09/1997 6:11
5000,2813,2,20/09/1997 6:11
5034,2813,2,20/09/1997 6:11
5036,2813,2,20/09/1997 6:11
5037,75,2,20/09/1997 6:11
5038,75,2,20/09/1997 6:11
5040,75,2,20/09/1997 6:11
5045,75,2,20/09/1997 6:11
5046,75,2,20/09/1997 6:11
5049,75,2,20/09/1997 6:11
5050,2813,2,20/09/1997 6:11
5052,75,2,20/09/1997 6:11
5053,75,2,20/09/1997 6:11
5054,2813,2,20/09/1997 6:11
5055,94,2,20/09/1997 6:11
5057,94,2,20/09/1997 6:11
5063,75,2,20/09/1997 6:11
5064,2813,2,20/09/1997 6:11
5065,2813,2,20/09/1997 6:11
5066,2813,2,20/09/1997 6:11
5068,75,2,20/09/1997 6:11
5070,75,2,20/09/1997 6:11
5072,75,2,20/09/1997 6:11
5073,75,2,20/09/1997 6:11
5074,75,2,20/09/1997 6:11
5075,75,2,20/09/1997 6:11
5078,75,2,20/09/1997 6:11
5081,75,2,20/09/1997 6:11
5083,75,2,20/09/1997 6:11
5085,75,2,20/09/1997 6:11
5086,75,2,20/09/1997 6:11
5091,2813,2,20/09/1997 6:11
5093,75,2,20/09/1997 6:11
5100,75,2,20/09/1997 6:11
5102,75,2,20/09/1997 6:11
5103,75,2,20/09/1997 6:11
5104,75,2,20/09/1997 6:11
5106,75,2,20/09/1997 6:11
5107,75,2,20/09/1997 6:11
5108,75,2,20/09/1997 6:11
5109,75,2,20/09/1997 6:11
5112,94,2,20/09/1997 6:11
5113,175,2,20/09/1997 6:11
5127,75,2,20/09/1997 6:11
5135,75,2,20/09/1997 6:11
5138,151,2,20/09/1997 6:11
5141,75,2,20/09/1997 6:11
5156,75,2,20/09/1997 6:11
5160,151,2,20/09/1997 6:11
5171,94,2,20/09/1997 6:11
5172,75,2,20/09/1997 6:11
5173,75,2,20/09/1997 6:11
5186,75,2,20/09/1997 6:11
5206,106,2,20/09/1997 6:11
5229,2978,2,20/09/1997 6:11
5239,2992,2,20/09/1997 6:11
5251,106,2,20/09/1997 6:11
5265,175,2,20/09/1997 6:11
5275,2813,2,20/09/1997 6:11
5276,2813,2,20/09/1997 6:11
5277,75,2,20/09/1997 6:11
5278,75,2,20/09/1997 6:11
5300,94,2,20/09/1997 6:11
5315,75,2,20/09/1997 6:11
5324,91,2,20/09/1997 6:11
5324,3029,2,20/09/1997 6:11
5324,3165,2,20/09/1997 6:11
5357,106,2,20/09/1997 6:11
5363,172,2,20/09/1997 6:11
5364,172,2,20/09/1997 6:11
5365,172,2,20/09/1997 6:11
5366,172,2,20/09/1997 6:11
5368,172,2,20/09/1997 6:11
5369,172,2,20/09/1997 6:11
5380,97,2,20/09/1997 6:11
5382,97,2,20/09/1997 6:11
5383,97,2,20/09/1997 6:11
5385,97,2,20/09/1997 6:11
5386,97,2,20/09/1997 6:11
5387,97,2,20/09/1997 6:11
5388,1025,2,20/09/1997 6:11
5390,75,2,20/09/1997 6:11
5390,3607,2,20/09/1997 6:11
5392,75,2,20/09/1997 6:11
5404,171,2,20/09/1997 6:11
5416,75,2,20/09/1997 6:11
5418,278,2,20/09/1997 6:11
5434,75,2,20/09/1997 6:11
5461,91,2,20/09/1997 6:11
5484,97,2,20/09/1997 6:11
5515,151,2,20/09/1997 6:11
5552,145,2,20/09/1997 6:11
5552,3025,2,20/09/1997 6:11
5552,3063,2,20/09/1997 6:11
5553,3025,2,20/09/1997 6:11
5553,3063,2,20/09/1997 6:11
5554,145,2,20/09/1997 6:11
5554,3473,2,20/09/1997 6:11
5555,145,2,20/09/1997 6:11
5555,3473,2,20/09/1997 6:11
5560,145,2,20/09/1997 6:11
5561,145,2,20/09/1997 6:11
5567,3057,2,20/09/1997 6:11
5569,3029,2,20/09/1997 6:11
5572,3029,2,20/09/1997 6:11
5573,3029,2,20/09/1997 6:11
5575,3029,2,20/09/1997 6:11
5576,3029,2,20/09/1997 6:11
5577,3029,2,20/09/1997 6:11
5580,3165,2,20/09/1997 6:11
5614,167,2,20/09/1997 6:11
5619,890,2,20/09/1997 6:11
5628,890,2,20/09/1997 6:11
5639,75,2,20/09/1997 6:11
5688,3473,2,20/09/1997 6:11
5754,131,2,20/09/1997 6:11
5844,131,2,20/09/1997 6:11
5879,131,2,20/09/1997 6:11
5907,75,2,20/09/1997 6:11
5915,91,2,20/09/1997 6:11
5994,3484,2,20/09/1997 6:11
6097,3481,2,20/09/1997 6:11
6194,278,2,20/09/1997 6:11
6205,75,2,20/09/1997 6:11
6217,2870,2,20/09/1997 6:11
6239,75,2,20/09/1997 6:11
6252,75,2,20/09/1997 6:11
6312,94,2,20/09/1997 6:11
6325,167,2,20/09/1997 6:11
6334,94,2,20/09/1997 6:11
6338,3485,2,20/09/1997 6:11
4,92,2,20/09/1997 6:11
5,2992,1,20/09/1997 6:11
6,3470,1,20/09/1997 6:11
7,171,1,20/09/1997 6:11
9,114,1,20/09/1997 6:11
16,90,1,20/09/1997 6:11
25,172,1,20/09/1997 6:11
28,3483,1,20/09/1997 6:11
31,172,1,20/09/1997 6:11
35,3275,1,20/09/1997 6:11
38,3168,1,20/09/1997 6:11
40,159,1,20/09/1997 6:11
46,153,1,20/09/1997 6:11
51,3275,1,20/09/1997 6:11
57,94,1,20/09/1997 6:11
59,145,1,20/09/1997 6:11
65,723,1,20/09/1997 6:11
71,1025,2,20/09/1997 6:11
73,3470,1,20/09/1997 6:11
83,172,1,20/09/1997 6:11
88,3471,1,20/09/1997 6:11
96,90,1,20/09/1997 6:11
105,151,1,20/09/1997 6:11
106,3481,2,20/09/1997 6:11
107,98,2,20/09/1997 6:11
127,85,1,20/09/1997 6:11
133,2992,1,20/09/1997 6:11
139,1025,1,20/09/1997 6:11
146,94,1,20/09/1997 6:11
147,3470,1,20/09/1997 6:11
156,91,1,20/09/1997 6:11
160,92,2,20/09/1997 6:11
162,94,1,20/09/1997 6:11
170,3485,1,20/09/1997 6:11
180,94,1,20/09/1997 6:11
191,723,1,20/09/1997 6:11
192,151,1,20/09/1997 6:11
207,94,1,20/09/1997 6:11
216,3482,1,20/09/1997 6:11
226,75,2,20/09/1997 6:11
233,75,1,20/09/1997 6:11
237,167,1,20/09/1997 6:11
239,734,1,20/09/1997 6:11
244,75,1,20/09/1997 6:11
251,107,1,20/09/1997 6:11
252,173,2,20/09/1997 6:11
259,3275,1,20/09/1997 6:11
260,92,2,20/09/1997 6:11
272,97,2,20/09/1997 6:11
277,75,2,20/09/1997 6:11
281,151,1,20/09/1997 6:11
292,151,2,20/09/1997 6:11
298,734,1,20/09/1997 6:11
299,2870,2,20/09/1997 6:11
308,91,1,20/09/1997 6:11
315,75,2,20/09/1997 6:11
325,94,2,20/09/1997 6:11
339,3165,2,20/09/1997 6:11
341,91,1,20/09/1997 6:11
343,151,2,20/09/1997 6:11
348,1401,1,20/09/1997 6:11
349,75,1,20/09/1997 6:11
358,3168,1,20/09/1997 6:11
367,3484,1,20/09/1997 6:11
368,94,1,20/09/1997 6:11
370,115,1,20/09/1997 6:11
373,75,1,20/09/1997 6:11
374,278,2,20/09/1997 6:11
383,114,1,20/09/1997 6:11
385,153,1,20/09/1997 6:11
388,3470,1,20/09/1997 6:11
390,2062,1,20/09/1997 6:11
392,890,1,20/09/1997 6:11
393,3165,2,20/09/1997 6:11
394,1401,1,20/09/1997 6:11
400,115,1,20/09/1997 6:11
403,1402,1,20/09/1997 6:11
409,91,1,20/09/1997 6:11
414,151,1,20/09/1997 6:11
420,91,1,20/09/1997 6:11
422,97,1,20/09/1997 6:11
426,91,2,20/09/1997 6:11
428,97,1,20/09/1997 6:11
433,91,1,20/09/1997 6:11
434,159,1,20/09/1997 6:11
439,427,2,20/09/1997 6:11
442,82,1,20/09/1997 6:11
443,75,1,20/09/1997 6:11
453,98,1,20/09/1997 6:11
457,167,1,20/09/1997 6:11
462,91,1,20/09/1997 6:11
467,106,1,20/09/1997 6:11
471,94,1,20/09/1997 6:11
474,1971,1,20/09/1997 6:11
483,91,1,20/09/1997 6:11
491,172,1,20/09/1997 6:11
492,91,1,20/09/1997 6:11
494,3275,1,20/09/1997 6:11
504,94,2,20/09/1997 6:11
508,2752,1,20/09/1997 6:11
518,172,1,20/09/1997 6:11
520,151,1,20/09/1997 6:11
523,2813,1,20/09/1997 6:11
524,2062,1,20/09/1997 6:11
543,1025,1,20/09/1997 6:11
551,106,1,20/09/1997 6:11
567,172,1,20/09/1997 6:11
572,97,1,20/09/1997 6:11
577,97,1,20/09/1997 6:11
580,217,1,20/09/1997 6:11
605,1401,1,20/09/1997 6:11
607,75,1,20/09/1997 6:11
611,173,1,20/09/1997 6:11
615,3054,2,20/09/1997 6:11
623,82,1,20/09/1997 6:11
624,151,2,20/09/1997 6:11
627,217,1,20/09/1997 6:11
633,3482,1,20/09/1997 6:11
640,172,1,20/09/1997 6:11
642,734,1,20/09/1997 6:11
646,85,1,20/09/1997 6:11
648,734,1,20/09/1997 6:11
651,1811,2,20/09/1997 6:11
653,82,1,20/09/1997 6:11
655,94,1,20/09/1997 6:11
656,75,1,20/09/1997 6:11
658,2813,1,20/09/1997 6:11
662,3254,2,20/09/1997 6:11
674,153,1,20/09/1997 6:11
677,3481,1,20/09/1997 6:11
683,97,2,20/09/1997 6:11
690,173,1,20/09/1997 6:11
691,75,1,20/09/1997 6:11
692,1402,1,20/09/1997 6:11
704,847,2,20/09/1997 6:11
709,3485,1,20/09/1997 6:11
719,75,2,20/09/1997 6:11
728,167,1,20/09/1997 6:11
731,151,2,20/09/1997 6:11
732,3171,1,20/09/1997 6:11
736,107,1,20/09/1997 6:11
739,151,1,20/09/1997 6:11
751,91,1,20/09/1997 6:11
755,151,1,20/09/1997 6:11
756,171,1,20/09/1997 6:11
759,97,1,20/09/1997 6:11
763,107,1,20/09/1997 6:11
769,91,1,20/09/1997 6:11
771,91,2,20/09/1997 6:11
772,84,2,20/09/1997 6:11
773,3607,2,20/09/1997 6:11
774,97,1,20/09/1997 6:11
779,171,1,20/09/1997 6:11
784,75,2,20/09/1997 6:11
785,97,1,20/09/1997 6:11
789,115,1,20/09/1997 6:11
790,91,1,20/09/1997 6:11
794,3029,2,20/09/1997 6:11
797,2315,1,20/09/1997 6:11
811,167,1,20/09/1997 6:11
818,181,1,20/09/1997 6:11
819,3168,1,20/09/1997 6:11
821,172,1,20/09/1997 6:11
823,1655,2,20/09/1997 6:11
824,91,1,20/09/1997 6:11
825,3485,1,20/09/1997 6:11
831,723,1,20/09/1997 6:11
834,175,1,20/09/1997 6:11
839,3481,1,20/09/1997 6:11
854,97,2,20/09/1997 6:11
860,2992,1,20/09/1997 6:11
862,2813,2,20/09/1997 6:11
878,3275,1,20/09/1997 6:11
883,847,1,20/09/1997 6:11
885,2813,1,20/09/1997 6:11
887,1306,1,20/09/1997 6:11
891,172,1,20/09/1997 6:11
892,890,1,20/09/1997 6:11
897,91,1,20/09/1997 6:11
910,75,1,20/09/1997 6:11
912,97,2,20/09/1997 6:11
923,3168,1,20/09/1997 6:11
925,115,1,20/09/1997 6:11
930,3481,1,20/09/1997 6:11
934,1400,1,20/09/1997 6:11
936,847,1,20/09/1997 6:11
942,97,1,20/09/1997 6:11
946,115,1,20/09/1997 6:11
948,1400,1,20/09/1997 6:11
951,172,1,20/09/1997 6:11
953,151,1,20/09/1997 6:11
954,115,1,20/09/1997 6:11
955,91,1,20/09/1997 6:11
969,2813,1,20/09/1997 6:11
972,85,2,20/09/1997 6:11
982,3510,2,20/09/1997 6:11
983,3553,2,20/09/1997 6:11
985,172,1,20/09/1997 6:11
989,175,1,20/09/1997 6:11
998,75,2,20/09/1997 6:11
1002,98,1,20/09/1997 6:11
1013,91,1,20/09/1997 6:11
1014,1025,1,20/09/1997 6:11
1016,2438,1,20/09/1997 6:11
1020,92,2,20/09/1997 6:11
1021,97,1,20/09/1997 6:11
1022,734,1,20/09/1997 6:11
1026,85,1,20/09/1997 6:11
1034,151,1,20/09/1997 6:11
1039,173,1,20/09/1997 6:11
1042,734,2,20/09/1997 6:11
1046,97,2,20/09/1997 6:11
1047,90,1,20/09/1997 6:11
1051,847,1,20/09/1997 6:11
1054,114,1,20/09/1997 6:11
1055,97,1,20/09/1997 6:11
1060,2992,1,20/09/1997 6:11
1067,439,2,20/09/1997 6:11
1068,114,1,20/09/1997 6:11
1071,94,1,20/09/1997 6:11
1077,82,1,20/09/1997 6:11
1085,167,1,20/09/1997 6:11
1086,85,1,20/09/1997 6:11
1089,106,1,20/09/1997 6:11
1102,151,1,20/09/1997 6:11
1104,3254,2,20/09/1997 6:11
1105,151,2,20/09/1997 6:11
1113,94,2,20/09/1997 6:11
1120,94,1,20/09/1997 6:11
1126,439,2,20/09/1997 6:11
1127,172,1,20/09/1997 6:11
1129,172,1,20/09/1997 6:11
1135,75,1,20/09/1997 6:11
1136,171,1,20/09/1997 6:11
1138,3165,2,20/09/1997 6:11
1145,3514,1,20/09/1997 6:11
1149,75,1,20/09/1997 6:11
1161,890,2,20/09/1997 6:11
1165,3168,1,20/09/1997 6:11
1166,91,1,20/09/1997 6:11
1167,2870,2,20/09/1997 6:11
1188,3481,1,20/09/1997 6:11
1212,3275,1,20/09/1997 6:11
1215,150,2,20/09/1997 6:11
1218,75,2,20/09/1997 6:11
1224,75,2,20/09/1997 6:11
1242,75,2,20/09/1997 6:11
1246,75,2,20/09/1997 6:11
1250,112,2,20/09/1997 6:11
1257,75,2,20/09/1997 6:11
1267,2813,2,20/09/1997 6:11
1269,1435,2,20/09/1997 6:11
1272,217,2,20/09/1997 6:11
1273,172,2,20/09/1997 6:11
1275,172,2,20/09/1997 6:11
1278,94,2,20/09/1997 6:11
1289,278,2,20/09/1997 6:11
1300,278,2,20/09/1997 6:11
1325,75,2,20/09/1997 6:11
1329,2813,2,20/09/1997 6:11
1334,75,2,20/09/1997 6:11
1341,151,2,20/09/1997 6:11
1348,186,2,20/09/1997 6:11
1350,151,2,20/09/1997 6:11
1354,92,2,20/09/1997 6:11
1357,75,2,20/09/1997 6:11
1363,151,2,20/09/1997 6:11
1367,97,2,20/09/1997 6:11
1369,1811,2,20/09/1997 6:11
1372,2062,2,20/09/1997 6:11
1378,151,2,20/09/1997 6:11
1380,175,2,20/09/1997 6:11
1381,97,2,20/09/1997 6:11
1383,150,2,20/09/1997 6:11
1384,112,2,20/09/1997 6:11
1389,278,2,20/09/1997 6:11
1390,151,2,20/09/1997 6:11
1397,278,2,20/09/1997 6:11
1402,75,2,20/09/1997 6:11
1407,2992,2,20/09/1997 6:11
1413,94,2,20/09/1997 6:11
1414,75,2,20/09/1997 6:11
1415,278,2,20/09/1997 6:11
1417,75,2,20/09/1997 6:11
1419,1811,2,20/09/1997 6:11
1422,151,2,20/09/1997 6:11
1424,97,2,20/09/1997 6:11
1425,153,2,20/09/1997 6:11
1443,91,2,20/09/1997 6:11
1469,97,2,20/09/1997 6:11
1512,151,2,20/09/1997 6:11
1565,92,2,20/09/1997 6:11
1573,92,2,20/09/1997 6:11
1578,94,2,20/09/1997 6:11
1675,172,2,20/09/1997 6:11
1688,172,2,20/09/1997 6:11
1714,172,2,20/09/1997 6:11
1727,172,2,20/09/1997 6:11
1732,172,2,20/09/1997 6:11
1735,172,2,20/09/1997 6:11
1741,92,2,20/09/1997 6:11
1743,172,2,20/09/1997 6:11
1796,92,2,20/09/1997 6:11
1798,172,2,20/09/1997 6:11
1801,172,2,20/09/1997 6:11
1802,172,2,20/09/1997 6:11
1803,172,2,20/09/1997 6:11
1807,172,2,20/09/1997 6:11
1834,172,2,20/09/1997 6:11
1853,92,2,20/09/1997 6:11
1931,2813,2,20/09/1997 6:11
1938,106,2,20/09/1997 6:11
2032,115,2,20/09/1997 6:11
2043,1025,2,20/09/1997 6:11
2129,151,2,20/09/1997 6:11
2160,115,2,20/09/1997 6:11
2209,106,2,20/09/1997 6:11
2267,153,2,20/09/1997 6:11
2292,94,2,20/09/1997 6:11
2309,75,2,20/09/1997 6:11
2319,151,2,20/09/1997 6:11
2326,94,2,20/09/1997 6:11
2333,85,2,20/09/1997 6:11
2335,98,2,20/09/1997 6:11
2346,94,2,20/09/1997 6:11
2360,75,2,20/09/1997 6:11
2364,151,2,20/09/1997 6:11
2365,94,2,20/09/1997 6:11
2373,106,2,20/09/1997 6:11
2384,94,2,20/09/1997 6:11
2386,75,2,20/09/1997 6:11
2397,94,2,20/09/1997 6:11
2406,439,2,20/09/1997 6:11
2418,115,2,20/09/1997 6:11
2422,150,2,20/09/1997 6:11
2514,75,2,20/09/1997 6:11
2527,2813,2,20/09/1997 6:11
2588,1039,2,20/09/1997 6:11
2591,97,2,20/09/1997 6:11
2608,159,2,20/09/1997 6:11
2626,151,2,20/09/1997 6:11
2629,151,2,20/09/1997 6:11
2696,2870,2,20/09/1997 6:11
2813,151,2,20/09/1997 6:11
2821,151,2,20/09/1997 6:11
2833,94,2,20/09/1997 6:11
2846,150,2,20/09/1997 6:11
2864,150,2,20/09/1997 6:11
2894,151,2,20/09/1997 6:11
2899,151,2,20/09/1997 6:11
2909,151,2,20/09/1997 6:11
2911,150,2,20/09/1997 6:11
2924,151,2,20/09/1997 6:11
2945,150,2,20/09/1997 6:11
2973,151,2,20/09/1997 6:11
2989,106,2,20/09/1997 6:11
3067,106,2,20/09/1997 6:11
3078,101,2,20/09/1997 6:11
3113,94,2,20/09/1997 6:11
3236,3029,2,20/09/1997 6:11
3529,1402,2,20/09/1997 6:11
3540,90,2,20/09/1997 6:11
3574,2978,2,20/09/1997 6:11
3702,2992,2,20/09/1997 6:11
3897,98,2,20/09/1997 6:11
4222,75,2,20/09/1997 6:11
4542,172,2,20/09/1997 6:11
4560,1025,2,20/09/1997 6:11
4826,97,2,20/09/1997 6:11
4832,75,2,20/09/1997 6:11
4840,3057,2,20/09/1997 6:11
4938,278,2,20/09/1997 6:11
5160,153,2,20/09/1997 6:11
5206,172,2,20/09/1997 6:11
5251,172,2,20/09/1997 6:11
5315,1655,2,20/09/1997 6:11
5324,3063,2,20/09/1997 6:11
5390,439,2,20/09/1997 6:11
5552,3029,2,20/09/1997 6:11
5553,145,2,20/09/1997 6:11
5554,3474,2,20/09/1997 6:11
5555,3474,2,20/09/1997 6:11
5560,3473,2,20/09/1997 6:11
5567,3029,2,20/09/1997 6:11
5994,3481,2,20/09/1997 6:11
6097,3483,2,20/09/1997 6:11
6194,97,2,20/09/1997 6:11
6338,3482,2,20/09/1997 6:11
