,1,2,3
0,109,3025,2752
1,3025,109,2752
2,827,3475,3472
3,3483,1797,3253
4,1797,3486,109
5,1797,3483,827
6,109,1797,827
7,3472,3025,827
8,1797,3483,109
9,3025,2752,2315
10,3025,3472,2752
11,1797,109,3486
12,3025,2315,2752
13,827,3475,3472
14,109,2752,1797
15,827,3475,1400
16,827,3475,1400
17,1797,109,2752
18,1797,3486,109
19,3483,1797,3253
20,1797,3483,827
21,827,3475,109
22,1797,3483,3168
23,3025,2752,2315
24,2752,1797,109
25,3483,3253,827
26,3472,827,3475
27,3025,3472,2752
28,827,3472,3475
29,3025,2752,2315
30,827,3475,3472
31,827,3475,3253
32,3483,3253,1797
33,827,3475,3253
34,827,3475,109
35,3025,109,2752
36,1797,109,2752
37,827,3475,3253
38,3472,827,3475
39,827,3483,3475
40,827,3475,3472
41,3025,2752,109
42,3475,827,1435
43,3025,2752,2315
44,3025,3472,2752
45,3483,1797,827
46,1797,3483,109
47,3483,827,3253
48,3025,109,3472
49,3025,109,827
50,3025,2752,2315
51,1797,109,2752
52,827,3475,3253
53,3472,3025,2752
54,3472,3025,523
55,3025,2752,2315
56,109,1797,827
57,109,1797,827
58,3025,109,2752
59,827,3475,3472
60,827,3475,1400
61,827,3472,3025
62,2752,3025,181
63,3483,1797,827
64,3483,1797,3253
65,1797,2752,109
66,827,3475,3483
67,3483,1797,827
68,827,3475,3483
69,827,3475,3472
70,1797,109,3486
71,3483,3253,3168
72,3483,1797,3253
73,827,3475,3472
74,1797,109,3486
75,3025,2752,2315
76,3483,827,3253
77,1797,109,2752
78,3483,3253,827
79,827,3475,3253
80,1797,109,3486
81,827,3475,3253
82,3025,2752,109
83,3483,1797,3253
84,3483,3253,827
85,3025,3472,2752
86,827,3475,1400
87,1797,3483,109
88,3483,1797,3168
89,3025,2752,2315
90,827,3472,3475
91,3483,1797,3253
92,3472,3025,1435
93,827,3475,3483
94,827,1797,3475
95,1797,109,2752
96,3483,1797,3253
97,827,3475,109
98,3483,827,3253
99,827,3483,3475
100,827,3483,3475
101,3483,1797,3168
102,1797,109,3486
103,1797,109,827
104,1797,3483,3484
105,1797,109,2752
106,3483,3253,827
107,3475,827,1435
108,3025,2752,109
109,3483,3253,827
110,1797,109,2752
111,827,109,3025
112,1797,3483,827
113,827,3475,109
114,109,827,1797
115,3025,109,827
116,3483,3253,1797
117,3483,1797,827
118,1435,3472,3475
119,3475,827,1435
120,3472,3025,2752
121,3025,3472,2752
122,3025,2752,109
123,827,3475,1400
124,1797,109,2752
125,827,3475,1435
126,3483,3253,827
127,827,3475,1435
128,1797,3483,3486
129,3025,2752,2315
130,1797,109,2752
131,1797,3483,186
132,3483,3253,827
133,1797,3483,109
134,3025,2752,109
135,1797,109,2752
136,3472,827,3475
137,2752,3025,2315
138,3472,3025,1435
139,827,3483,3475
140,3483,1797,3168
141,3025,2752,2315
142,3025,109,2752
143,827,3475,1435
144,3483,3253,3168
145,1797,3483,827
146,3025,109,2752
147,827,3475,3483
148,3025,109,2752
149,827,3475,3483
150,3483,3253,827
151,3483,3253,827
152,3483,3253,827
153,827,3475,1400
154,3025,109,2752
155,1797,3483,109
156,1797,109,3486
157,827,3475,3253
158,1797,3483,109
159,3472,827,3475
160,1797,109,2752
161,1797,109,3486
162,2752,3025,181
163,3483,1797,3253
164,3472,827,3475
165,3472,3025,1435
166,3483,827,3253
167,1797,3483,109
168,827,3475,1400
169,3472,827,3475
170,827,3475,109
171,3472,1435,3025
172,1797,109,827
173,827,3475,3253
174,3472,3025,1435
175,1797,3483,186
176,827,109,3475
177,827,1797,3475
178,109,3025,2752
179,827,3483,3475
180,3483,3253,1797
181,827,3475,109
182,3025,2752,109
183,1797,3483,3253
184,827,3475,1400
185,109,1797,827
186,827,3475,1435
187,827,3483,3475
188,3025,2752,2315
189,3483,3253,827
190,1797,109,2752
191,3025,2752,109
192,3025,2752,2315
193,3025,2752,2315
194,1797,109,3486
195,3472,1435,3025
196,3472,1435,1044
197,827,3475,3253
198,3483,827,3253
199,3472,1435,1044
200,3025,2752,2315
201,3025,2752,2315
202,3025,2752,2315
203,3483,3253,1797
204,827,1797,3483
205,2752,1797,109
206,2752,109,3025
207,827,3475,109
208,3472,827,3475
209,3025,109,2752
210,3472,827,3475
211,827,1797,3483
212,181,1797,2752
213,1797,181,3486
214,827,3475,3472
215,3025,2315,2752
216,3483,1797,3253
217,3483,3253,827
218,3025,3472,2752
219,3025,2752,2315
220,3483,3253,827
221,1797,3486,109
222,3025,2752,109
223,827,3483,3475
224,3483,827,3253
225,827,3475,3472
226,827,3475,109
227,181,1797,2752
228,3483,827,1797
229,109,827,1797
230,827,3483,3475
231,3483,827,1797
232,827,109,3475
233,3472,3025,2752
234,181,1797,2752
235,827,3483,3475
236,1797,109,3483
237,3483,3253,827
238,827,1797,109
239,3483,3253,827
240,109,827,3025
241,1797,109,3486
242,1797,109,2752
243,2752,3025,2315
244,3472,827,3475
245,1797,109,2752
246,3472,827,3475
247,3483,3253,3168
248,827,3475,3253
249,827,3475,3483
250,3025,2752,109
251,3483,827,3253
252,827,3475,3253
253,1797,3483,3168
254,3483,3253,3168
255,827,3475,3483
256,1797,109,3486
257,1797,109,3486
258,827,3475,3253
259,827,3475,1400
260,1797,109,3486
261,3483,1797,3168
262,109,1797,827
263,1797,827,109
264,2752,109,3025
265,1797,827,3483
266,827,3475,109
267,3483,1797,3253
268,827,3475,3253
269,827,3475,1435
270,827,3475,1797
271,3483,827,3253
272,1797,109,3486
273,3483,3253,1797
274,3025,3472,2752
275,3472,3025,1435
276,3483,3253,1797
277,1797,109,3486
278,3025,2752,2315
279,827,3025,3472
280,827,3475,1400
281,827,3475,109
282,3472,1435,3475
283,827,3483,3475
284,3483,1797,827
285,3025,2752,2315
286,827,3475,1400
287,3025,2752,109
288,1797,109,3483
289,3483,827,3253
290,3025,2752,2315
291,1797,3483,3484
292,3025,2752,109
293,1797,109,2752
294,827,3475,109
295,3483,827,3253
296,3472,827,3475
297,827,3475,3472
298,827,3475,3472
299,827,3472,3475
300,3025,109,2752
301,2752,3025,2315
302,3483,3253,827
303,1797,3483,3484
304,3483,3253,827
305,3025,2752,2315
306,827,3475,1435
307,3483,827,3253
308,3483,3253,827
309,3025,3472,2752
310,109,3025,2752
311,827,3472,3475
312,1797,109,2752
313,3025,3472,523
314,827,3475,3253
315,3483,827,3253
316,3025,109,2752
317,181,3025,2752
318,3483,3168,3253
319,1797,3483,109
320,3025,2752,2315
321,1797,109,3483
322,827,3475,109
323,3483,3253,827
324,3472,3025,2752
325,109,1797,2752
326,3472,1435,3475
327,827,3475,3472
328,181,1797,2752
329,3483,3253,827
330,1797,109,3483
331,3025,2315,2752
332,827,3483,3475
333,3025,2752,2315
334,3025,2752,2315
335,3472,3025,1435
336,181,3025,2752
337,3483,3253,3168
338,827,3475,1400
339,1797,109,2752
340,3025,2752,2315
341,3483,1797,827
342,3483,1797,3253
343,3472,3025,827
344,2752,3025,109
345,827,3475,1435
346,3475,827,3253
347,3483,1797,827
348,3025,3472,2752
349,1797,109,3486
350,827,3483,3475
351,3483,3253,3168
352,1435,3472,3475
353,827,3475,1435
354,827,3475,3253
355,1435,3475,827
356,3483,3253,827
357,1797,109,2752
358,3472,3025,2752
359,827,3475,3483
360,3472,3025,1435
361,3483,827,3253
362,3025,2752,2315
363,827,3475,3472
364,3483,827,3253
365,109,827,3025
366,827,3475,3253
367,3483,3253,827
368,3475,827,1435
369,827,3475,1435
370,1797,3483,3484
371,2752,3025,109
372,827,3483,3475
373,109,2752,3025
374,827,3475,3483
375,827,3483,3475
376,3025,2752,3472
377,827,3475,1400
378,3025,2752,2315
379,827,3475,3483
380,3472,1435,827
381,1797,109,3486
382,2752,181,1797
383,1797,109,827
384,1797,3483,109
385,3472,827,3475
386,1797,109,2752
387,827,3483,3475
388,3483,827,3475
389,1797,109,3486
390,3483,1797,3253
391,3483,827,3253
392,827,3475,1435
393,3472,1435,3475
394,181,2752,1797
395,3483,827,3253
396,109,3025,2752
397,3025,2752,109
398,1797,3483,827
399,3483,827,3253
400,827,3475,109
401,3472,3025,827
402,3483,1797,3253
403,3483,1797,3253
404,827,3475,1400
405,3025,109,2752
406,1797,3483,109
407,3483,3253,827
408,1797,109,2752
409,827,3475,3253
410,827,3475,3472
411,3483,1797,3253
412,3472,1435,827
413,827,3475,1400
414,1797,3483,827
415,3472,1435,3475
416,1797,3483,827
417,1797,109,2752
418,3483,827,3253
419,3483,3253,827
420,827,3475,109
421,827,3475,3253
422,109,1797,2752
423,3025,2752,3472
424,3025,2752,109
425,1797,827,109
426,827,3475,1435
427,109,1797,827
428,3483,3253,1797
429,1797,109,827
430,827,3475,1400
431,3483,827,3253
432,3483,1797,3253
433,3483,827,3253
434,3483,827,3253
435,3025,3472,2752
436,3475,827,1435
437,109,2752,3025
438,1797,109,3486
439,827,3475,3483
440,827,3475,1435
441,3483,3253,827
442,827,3475,3253
443,1797,3483,109
444,3472,827,1435
445,3483,3253,827
446,1797,109,827
447,3483,3253,3168
448,109,3025,2752
449,1797,109,827
450,827,3475,3253
451,3483,3253,827
452,827,3475,1435
453,1797,2752,109
454,109,3025,827
455,3025,2752,2315
456,827,3475,3253
457,3025,3472,523
458,827,3475,3253
459,1797,109,3486
460,1797,109,2752
461,827,109,1797
462,1797,109,3486
463,3483,1797,3253
464,3483,827,1797
465,827,3475,1797
466,3025,3472,2752
467,827,3475,3472
468,3472,827,3475
469,3472,3025,2752
470,3472,1435,3025
471,827,3483,3475
472,827,3472,3475
473,3483,1797,3168
474,1797,827,3483
475,827,3475,3483
476,3472,3025,523
477,827,109,3475
478,3483,1797,827
479,3483,827,3253
480,3475,827,1435
481,1797,109,2752
482,1797,3483,186
483,109,3025,2752
484,3025,2752,2315
485,827,3475,3483
486,3025,2752,2315
487,3025,109,2752
488,827,3475,3483
489,827,3475,3253
490,827,3483,3475
491,3483,1797,827
492,827,3475,1400
493,827,3475,3253
494,827,109,3475
495,3483,1797,827
496,2752,3025,2315
497,827,3475,109
498,3025,2752,109
499,3483,827,3253
500,3025,2752,109
501,827,3475,1400
502,827,3475,3472
503,827,3475,3483
504,3483,3253,827
505,3483,3253,827
506,109,3025,2752
507,827,3483,3475
508,3483,3253,827
509,3483,1797,3168
510,3472,827,3475
511,827,109,3475
512,827,3475,109
513,827,3475,1435
514,3483,3253,827
515,3483,3253,1797
516,827,3475,3472
517,827,3475,3253
518,3025,2752,3472
519,3025,3472,2752
520,3483,1797,3253
521,1797,109,827
522,827,3475,1400
523,827,3475,3253
524,1797,109,3486
525,3472,3025,2752
526,109,3025,2752
527,827,3475,3483
528,827,3475,3483
529,3483,3253,827
530,3483,1797,827
531,1797,109,2752
532,827,3475,3472
533,1797,109,2752
534,1797,109,3486
535,3472,1435,3475
536,3483,1797,3253
537,827,3475,1400
538,1797,827,3483
539,827,3483,3475
540,3025,2752,2315
541,3025,2752,109
542,3483,3253,827
543,3472,3025,1435
544,3483,827,3253
545,1797,109,3483
546,3483,3253,827
547,1797,109,2752
548,3483,827,3253
549,827,3475,109
550,827,3475,3483
551,827,3475,1400
552,827,3475,3253
553,3025,2752,2315
554,827,3475,109
555,1797,109,3486
556,3472,3025,1435
557,1797,109,3483
558,827,3475,3253
559,3025,2752,109
560,827,3475,1435
561,1797,109,3486
562,3483,3253,827
563,1797,109,2752
564,3025,2752,109
565,827,3475,1435
566,3472,3025,1435
567,1797,3483,827
568,827,3475,109
569,3483,1797,3253
570,3472,3025,1435
571,1797,109,2752
572,1797,109,3486
573,109,827,1797
574,3483,827,3253
575,3483,3253,827
576,827,3475,1400
577,109,1797,2752
578,3025,2752,2315
579,3483,827,1797
580,3025,2752,2315
581,3472,3025,827
582,827,3475,3253
583,3025,2752,109
584,3025,2752,2315
585,1797,109,3486
586,827,3475,3253
587,827,3475,3253
588,827,3475,3253
589,109,1797,827
590,3483,1797,3168
591,3025,109,2752
592,1797,109,2752
593,1797,109,3486
594,3483,827,3253
595,1797,109,2752
596,827,1797,109
597,1797,3483,109
598,3472,827,3475
599,827,3483,3475
600,3483,1797,3253
601,3483,1797,3253
602,3483,1797,3253
603,1797,3483,109
604,827,3475,3472
605,3483,1797,827
606,2752,3025,109
607,3025,2752,109
608,3483,827,3475
609,1797,2752,109
610,827,3475,3253
611,827,3483,3475
612,1797,109,827
613,827,3475,3253
614,3483,3253,1797
615,3025,2752,109
616,3483,1797,3253
617,109,827,1797
618,3472,3025,2752
619,827,3475,3472
620,3472,3025,2752
621,1797,109,2752
622,1797,109,3486
623,1797,109,827
624,3025,3472,2752
625,1797,3483,3484
626,1797,3483,109
627,3483,3253,3168
628,827,3483,3475
629,827,3475,1435
630,3483,1797,3253
631,827,3475,3253
632,3025,109,2752
633,3472,3025,1435
634,1797,109,3486
635,827,3475,3483
636,1797,109,2752
637,3025,3472,2752
638,827,3475,3253
639,3483,827,3475
640,2752,3025,109
641,3472,1435,3475
642,3483,827,3475
643,109,827,3025
644,1797,3483,109
645,827,109,3025
646,827,3475,3253
647,827,3475,3472
648,3472,3025,827
649,1797,827,109
650,827,3475,3253
651,3483,3253,827
652,827,3475,3253
653,3483,3253,827
654,3483,3253,827
655,3025,109,2752
656,827,109,3475
657,3483,1797,3253
658,3025,109,2752
659,3472,3025,2752
660,3483,827,3475
661,827,3475,109
662,1797,3483,827
663,1797,827,109
664,1797,109,3486
665,827,3475,3472
666,3483,3253,827
667,827,1797,3475
668,3483,3253,827
669,1797,109,3486
670,827,3475,3253
671,3483,827,3253
672,3472,3025,2752
673,827,109,1797
674,827,109,3475
675,827,3475,3253
676,827,3483,3475
677,827,3475,3253
678,827,109,1797
679,2752,1797,181
680,3472,1435,3475
681,109,3025,2752
682,1797,3486,109
683,2752,109,3025
684,827,3475,1435
685,827,109,3025
686,3483,1797,3253
687,827,3475,1400
688,827,3475,109
689,827,3475,3472
690,3483,1797,3253
691,1797,109,3483
692,827,3475,3472
693,1797,3483,109
694,827,3475,1435
695,3475,827,3253
696,3483,1797,3168
697,1797,3483,3486
698,3025,3472,2752
699,3025,2752,2315
700,3483,1797,3253
701,3025,2752,2315
702,3483,3253,3168
703,3025,3472,2752
704,3472,1435,3475
705,1797,3483,109
706,827,3475,3483
707,3025,2752,2315
708,3472,1435,3025
709,3483,3253,827
710,3483,1797,3168
711,1797,109,2752
712,827,3475,3483
713,1797,827,109
714,3483,1797,3168
715,3483,827,1797
716,827,3475,3472
717,3475,827,1435
718,3025,109,2752
719,109,3025,2752
720,1797,3483,827
721,827,3475,109
722,3483,3253,827
723,1797,2752,109
724,827,3475,1435
725,827,109,3475
726,3483,3253,827
727,3025,181,2752
728,109,3025,2752
729,3483,3253,1797
730,3472,3025,1435
731,3483,1797,3168
732,827,3475,3472
733,827,3475,3253
734,1797,109,3486
735,3475,827,1435
736,1797,3483,3484
737,1797,109,2752
738,3025,2752,2315
739,3472,827,3475
740,3483,3253,827
741,3483,1797,3168
742,827,3475,3472
743,827,3475,1400
744,3472,827,3475
745,827,3472,3475
746,1797,3483,827
747,3025,2752,109
748,3472,1435,1044
749,1797,109,827
750,1797,109,2752
751,827,1797,3475
752,1797,109,2752
753,3472,827,3475
754,3483,3253,827
755,3025,2752,2315
756,827,3475,3253
757,1797,3483,109
758,3025,2752,109
759,1797,3483,109
760,3472,827,3475
761,1797,109,3486
762,827,3475,3483
763,827,3483,3475
764,827,3472,3475
765,3025,2752,109
766,827,3475,3472
767,3025,109,2752
768,3483,827,3253
769,3025,2752,109
770,3472,3025,1435
771,3025,2752,2315
772,3483,3253,3168
773,827,3475,3253
774,827,3475,3253
775,3472,1435,3025
776,827,3475,3472
777,3483,3253,827
778,2752,3025,109
779,827,3475,3253
780,3483,1797,3168
781,1797,3483,827
782,3483,1797,3168
783,3483,1797,3168
784,3483,827,3253
785,3025,2752,2315
786,827,3483,3475
787,109,3025,2752
788,1797,109,827
789,827,109,3475
790,827,3472,3475
791,827,109,1797
792,827,3475,3483
793,3472,1435,827
794,1797,109,3486
795,3472,3025,1435
796,3483,1797,3168
797,1797,3483,186
798,3483,1797,3168
799,1435,3475,827
800,3483,3253,827
801,3483,3253,827
802,3483,3253,827
803,827,3475,3472
804,827,3475,3472
805,2752,3025,2315
806,3025,2752,181
807,1797,2752,109
808,3472,3025,827
809,3025,2752,2315
810,827,3483,3475
811,827,3483,3475
812,3472,1435,3475
813,1797,3483,827
814,3472,1435,3475
815,1797,109,827
816,827,109,1797
817,3472,1435,827
818,1797,3483,3168
819,1797,3483,827
820,3475,827,1435
821,827,3475,3483
822,827,3475,3253
823,827,3475,109
824,3025,2752,2315
825,3483,1797,3253
826,3025,2752,2315
827,1797,109,3483
828,827,3475,3253
829,3483,1797,3253
830,3483,1797,3168
831,3025,2752,3472
832,1797,3483,109
833,3472,3025,827
834,3025,2752,2315
835,827,3475,3483
836,1797,109,3486
837,827,109,3475
838,3025,2752,2315
839,827,3475,3472
840,3025,2752,2315
841,3483,3253,1797
842,109,827,1797
843,827,3475,1435
844,827,3475,3253
845,3483,3253,827
846,3472,1435,3025
847,827,3475,3483
848,3025,109,2752
849,827,3475,3472
850,1797,3483,3484
851,827,3475,1435
852,109,1797,2752
853,3483,3253,1797
854,827,109,3475
855,827,3475,1435
856,3472,827,3475
857,827,3475,3472
858,3472,3025,1435
859,3483,3253,3168
860,827,3475,3253
861,3025,2752,2315
862,827,3475,109
863,3483,3253,827
864,1797,109,2752
865,3472,1435,3025
866,827,3475,3253
867,3472,827,3475
868,3483,827,3253
869,3472,1435,3475
870,1797,181,3486
871,3025,2752,2315
872,827,3475,3253
873,1797,3483,109
874,827,3475,3472
875,3483,827,3253
876,1797,181,2752
877,3483,3253,827
878,3483,3253,1797
879,827,3475,3472
880,3025,2752,2315
881,1797,109,3486
882,3472,1435,827
883,3483,827,3253
884,3483,827,3253
885,827,109,1797
886,1797,109,2752
887,1797,109,827
888,3472,1435,827
889,3483,827,1797
890,827,3475,3483
891,827,3483,3253
892,109,3025,2752
893,3025,2315,2752
894,827,3475,3483
895,3483,3253,827
896,827,3475,1435
897,3025,2752,181
898,3483,3253,3168
899,1797,3486,181
900,1797,109,2752
901,3025,2315,2752
902,1797,109,3486
903,3472,3025,1435
904,827,3483,3475
905,3483,3253,827
906,3025,2752,3472
907,827,3483,3475
908,3472,3025,1435
909,827,3475,3472
910,3483,3253,827
911,109,3025,827
912,3472,3025,827
913,3025,109,2752
914,827,3475,3483
915,3025,3472,2752
916,2752,3025,109
917,3483,1797,3253
918,2752,1797,109
919,3483,1797,3253
920,3025,2752,2315
921,1435,3472,3475
922,827,3475,109
923,827,3475,1400
924,3483,1797,3168
925,3483,1797,3168
926,827,3475,3483
927,2752,3025,109
928,827,3475,1435
929,3025,3472,109
930,3472,827,3475
931,827,3475,3253
932,181,3025,2752
933,827,3475,1435
934,1797,181,3486
935,827,3475,3253
936,3483,1797,3168
937,3472,3025,1435
938,3025,2752,2315
939,827,3475,109
940,1797,109,3486
941,1797,3483,3168
942,1435,3475,827
943,1797,3486,109
944,3483,3253,827
945,3025,2752,2315
946,1797,3483,3486
947,3483,1797,3253
948,827,3475,3253
949,1797,109,827
950,827,3475,3472
951,3483,827,3253
952,827,1797,3475
953,3025,3472,2752
954,1797,3483,3484
955,109,3025,2752
956,109,1797,2752
957,3483,3253,827
958,3483,1797,3253
959,1797,3483,109
960,1797,109,827
961,3472,1435,3025
962,3472,1435,827
963,3025,2752,109
964,1797,3483,109
965,1797,2752,109
966,827,3472,3475
967,1797,109,827
968,3483,3253,827
969,3483,3253,1797
970,827,3483,3475
971,3025,2752,2315
972,3472,1435,827
973,3483,827,3253
974,3483,3253,827
975,3483,3253,827
976,827,3475,3483
977,827,3475,3483
978,1797,109,2752
979,3483,3253,1797
980,3483,1797,3253
981,827,3475,3472
982,3025,109,2752
983,3472,1435,3475
984,3483,827,3253
985,827,3475,1435
986,827,3483,3475
987,3483,1797,3253
988,3025,2315,2752
989,3025,2752,2315
990,3475,827,1435
991,3483,3253,827
992,3025,2752,2315
993,3025,2752,109
994,1797,3486,181
995,1797,109,2752
996,109,2752,1797
997,2752,109,3025
998,827,3475,1435
999,827,3475,3472
1000,3483,3253,827
1001,1797,827,3483
1002,1797,109,181
1003,827,3475,109
1004,3472,3025,523
1005,3025,2752,2315
1006,3483,827,3253
1007,3025,2752,109
1008,3025,2752,2315
1009,3475,827,3253
1010,3483,1797,827
1011,827,3472,3475
1012,3472,1435,3025
1013,3483,1797,3168
1014,827,3483,3475
1015,1797,109,827
1016,827,3475,3472
1017,3025,109,2752
1018,109,3025,2752
1019,1797,109,2752
1020,827,3475,1435
1021,827,109,3475
1022,3472,3025,827
1023,2752,181,3025
1024,3025,2752,2315
1025,2752,3025,109
1026,109,2752,3025
1027,827,3475,3472
1028,3483,3253,1797
1029,109,3025,2752
1030,1797,109,3486
1031,3472,1435,3025
1032,827,3475,3253
1033,3025,2752,2315
1034,1797,109,2752
1035,1797,3483,3168
1036,3483,3253,1797
1037,3025,2752,2315
1038,3483,3253,827
1039,3472,3025,1435
1040,3472,3025,827
1041,827,3475,3472
1042,3483,3168,1797
1043,827,3475,3483
1044,3025,2752,109
1045,3472,3025,523
1046,3483,827,3253
1047,827,3483,3475
1048,827,3475,3253
1049,1797,109,3486
1050,3472,827,3475
1051,3483,1797,3168
1052,3483,3253,827
1053,3475,827,1435
1054,1797,3483,3168
1055,3472,827,3475
1056,827,3475,1435
1057,3472,1435,3475
1058,3472,1435,3475
1059,1797,3483,109
1060,3483,3253,827
1061,3025,2752,2315
1062,3472,3025,523
1063,109,2752,3025
1064,3483,3253,827
1065,827,3475,3253
1066,1797,109,827
1067,3025,2752,2315
1068,827,3475,3472
1069,827,3475,3253
1070,3483,827,1797
1071,827,3475,671
1072,3472,827,3475
1073,827,3483,3475
1074,3025,2752,2315
1075,1797,109,2752
1076,827,109,3025
1077,3472,3025,827
1078,1797,109,3486
1079,1797,827,109
1080,1797,109,2752
1081,1797,3483,827
1082,1797,3483,109
1083,1797,109,2752
1084,827,3475,1435
1085,827,3483,3475
1086,109,3025,2752
1087,827,109,3475
1088,3025,3472,2752
1089,827,3475,3483
1090,3025,3472,2752
1091,3483,827,3253
1092,827,3475,3472
1093,3483,3253,827
1094,3025,2752,2315
1095,3483,827,3253
1096,1797,3483,109
1097,3475,827,1435
1098,3483,3253,3168
1099,1797,109,3486
1100,1797,109,2752
1101,3483,3253,827
1102,3483,3253,827
1103,3025,2752,2315
1104,3025,2752,2315
1105,3025,3472,2752
1106,827,3483,3475
1107,3483,3253,827
1108,3483,3253,827
1109,3483,3253,827
1110,1797,181,2752
1111,2752,3025,109
1112,3483,1797,3253
1113,827,3475,3483
1114,827,3475,3483
1115,1797,109,827
1116,1797,109,827
1117,3253,827,3475
1118,827,3475,1400
1119,3025,2752,2315
1120,1797,3483,109
1121,3472,1435,3025
1122,3475,827,1435
1123,3483,827,3253
1124,827,3475,1400
1125,1797,3486,109
1126,1797,109,3486
1127,3475,827,1435
1128,3483,3253,827
1129,2752,3025,2315
1130,827,3475,1435
1131,3472,3025,1435
1132,3483,3253,827
1133,3025,109,2752
1134,3483,3253,827
1135,827,3472,3475
1136,3472,3025,1435
1137,3025,3472,2752
1138,3483,3253,827
1139,3025,2752,109
1140,109,827,3025
1141,3025,2752,2315
1142,3483,3253,827
1143,181,2752,2315
1144,3025,3472,2752
1145,1797,109,3486
1146,827,3475,3483
1147,3483,1797,3168
1148,1797,3483,3486
1149,1797,827,109
1150,1797,827,109
1151,827,3475,1400
1152,109,3025,2752
1153,3472,1435,3025
1154,827,3475,3253
1155,2752,3025,2315
1156,3472,827,3475
1157,827,1797,3475
1158,3483,3253,827
1159,109,3025,2752
1160,1797,109,3486
1161,3025,2752,2315
1162,3472,3025,1435
1163,827,3475,1400
1164,3483,3253,3168
1165,827,3475,1400
1166,3483,3253,3168
1167,3483,1797,3168
1168,181,1797,2752
1169,3472,1435,827
1170,827,3483,3475
1171,3483,1797,3253
1172,3483,1797,3253
1173,3483,827,3253
1174,827,109,3475
1175,3472,1435,3475
1176,827,3475,3253
1177,3025,2752,2315
1178,827,3475,3253
1179,827,3475,3253
1180,3483,827,3253
1181,1797,109,2752
1182,3472,1435,827
1183,3025,2752,2315
1184,1797,3483,3484
1185,3483,1797,3168
1186,827,3475,109
1187,3025,2752,2315
1188,2752,109,3025
1189,827,3475,1797
1190,827,109,3475
1191,3483,3253,1797
1192,3025,2752,109
1193,827,3475,1435
1194,3025,2752,2315
1195,3472,1435,827
1196,3472,1435,3475
1197,2752,3025,2315
1198,3025,2752,2315
1199,1435,3472,3475
1200,3483,1797,3253
1201,109,1797,827
1202,3483,3253,827
1203,1797,109,3486
1204,827,3475,1400
1205,827,3483,3475
1206,3025,3472,2752
1207,827,3475,3253
1208,1797,109,3483
1209,3472,3025,1435
1210,3483,3253,827
1211,827,3475,3253
1212,1797,109,2752
1213,3483,827,3253
1214,3483,3253,827
1215,3472,1435,3475
1216,3025,2752,2315
1217,109,1797,2752
1218,827,3475,1400
1219,3483,3253,827
1220,3483,827,3253
1221,3025,3472,2752
1222,3025,2752,3472
1223,827,3475,3253
1224,3472,3025,1435
1225,827,3475,3253
1226,3025,2752,181
1227,1797,827,3483
1228,3472,3025,1435
1229,3025,109,2752
1230,3483,3253,827
1231,3472,1435,3475
1232,3025,2752,2315
1233,1797,181,2752
1234,3483,3253,3168
1235,827,3475,109
1236,827,3475,3253
1237,3483,3253,827
1238,1797,181,3486
1239,827,3475,1435
1240,827,3475,3483
1241,3483,3253,827
1242,3025,3472,2752
1243,3472,1435,827
1244,827,3475,3253
1245,3475,1435,827
1246,3025,2315,2752
1247,827,3475,3253
1248,3025,109,2752
1249,1797,109,827
1250,2752,3025,109
1251,827,3475,3253
1252,3483,3253,1797
1253,3472,1435,827
1254,3025,2752,2315
1255,3025,2752,2315
1256,827,3475,3483
1257,3483,827,3253
1258,3025,181,2752
1259,1797,109,2752
1260,827,3472,3475
1261,1797,109,3486
1262,3483,827,3253
1263,3483,3253,827
1264,3472,3025,2752
1265,827,3475,3483
1266,3025,3472,2752
1267,1797,3483,109
1268,827,3483,3475
1269,1797,3483,3486
1270,3472,1435,827
1271,3483,3253,827
1272,1797,109,2752
1273,3472,1435,827
1274,3483,3253,827
1275,3483,3253,3168
1276,827,109,3025
1277,109,827,1797
1278,1797,181,3486
1279,3025,2752,2315
1280,827,3475,3253
1281,827,3475,1435
1282,3025,2752,2315
1283,1797,3483,186
1284,827,3475,3472
1285,3483,3253,827
1286,1797,109,3486
1287,827,109,3475
1288,827,3475,1400
1289,1797,827,109
1290,3025,3472,109
1291,3025,2752,2315
1292,3483,3253,827
1293,3483,827,3253
1294,3483,3253,827
1295,3025,2752,2315
1296,3025,2752,2315
1297,3483,1797,3168
1298,3025,3472,2752
1299,3025,3472,2752
1300,181,1797,2752
1301,1797,3483,827
1302,3472,3025,1435
1303,1797,109,2752
1304,827,3475,3472
1305,827,3475,3253
1306,1435,3472,3475
1307,827,109,3475
1308,3472,3025,1435
1309,109,1797,2752
1310,3475,827,1435
1311,827,3475,1400
1312,1797,109,3483
1313,109,1797,2752
1314,3472,1435,3025
1315,3483,1797,3253
1316,3483,827,1797
1317,3483,3253,827
1318,827,3475,3483
1319,3472,827,3475
1320,109,2752,3025
1321,827,1797,109
1322,3025,109,827
1323,3483,3253,3168
1324,827,109,1797
1325,1797,109,3486
1326,827,3475,3253
1327,3025,3472,2752
1328,827,3475,3483
1329,3472,827,3475
1330,3025,109,3472
1331,3025,2752,2315
1332,827,3475,3253
1333,3483,3253,1797
1334,109,1797,2752
1335,3025,2752,2315
1336,3025,3472,2752
1337,827,3475,3472
1338,3483,3253,827
1339,1797,827,3483
1340,1797,109,2752
1341,1797,3483,827
1342,3025,2752,2315
1343,1797,3483,827
1344,109,827,3025
1345,1797,3483,109
1346,827,3475,109
1347,1797,109,2752
1348,1797,109,3486
1349,3472,827,3475
1350,1797,181,2752
1351,3025,2752,2315
1352,827,3475,3483
1353,3475,827,1435
1354,3025,2752,2315
1355,3472,3025,827
1356,3472,827,3475
1357,3025,2315,2752
1358,827,3475,3253
1359,3025,2752,109
1360,1435,3475,827
1361,827,3475,3472
1362,827,3475,1400
1363,827,3475,1435
1364,827,3475,1400
1365,3483,3253,3168
1366,3483,827,3253
1367,3025,2752,2315
1368,827,3475,3472
1369,827,3475,3253
1370,827,3475,3253
1371,3483,3253,827
1372,2752,3025,2315
1373,1797,109,3486
1374,827,3475,3483
1375,827,3475,1435
1376,827,3475,1435
1377,827,1797,3475
1378,3472,827,3025
1379,3025,2752,109
1380,3475,827,1435
1381,3472,827,3025
1382,3483,1797,827
1383,3483,1797,3253
1384,3483,1797,827
1385,1797,3483,827
1386,827,3475,3483
1387,3483,3253,827
1388,3483,3253,827
1389,3025,2752,2315
1390,3472,1435,1044
1391,827,3475,1435
1392,827,3475,3253
1393,827,3475,109
1394,3483,3253,827
1395,1797,181,2752
1396,109,2752,1797
1397,827,3475,3472
1398,3025,109,2752
1399,1797,3486,109
1400,109,3025,2752
1401,1797,3483,109
1402,3025,2752,2315
1403,3483,1797,3253
1404,3483,827,3253
1405,3025,2752,109
1406,827,3475,3472
1407,827,3253,3475
1408,3483,3253,827
1409,1797,109,3486
1410,3483,3253,827
1411,1797,109,827
1412,3025,3472,2752
1413,1797,109,827
1414,3472,827,3475
1415,827,3475,3253
1416,827,3475,3472
1417,3025,2752,2315
1418,827,3475,3483
1419,1797,3483,186
1420,3483,827,3253
1421,1797,109,2752
1422,3025,2752,2315
1423,1797,3483,827
1424,3025,2752,109
1425,827,109,3475
1426,3025,109,827
1427,827,3475,1400
1428,181,2752,1797
1429,3025,2752,2315
1430,3483,3253,3168
1431,827,3475,3253
1432,3483,3253,827
1433,1797,3483,827
1434,827,3475,3253
1435,827,3475,3483
1436,827,3475,1400
1437,3483,1797,3253
1438,3472,827,3475
1439,3025,2752,109
1440,827,3475,3472
1441,3483,1797,3168
1442,1797,109,2752
1443,109,2752,3025
1444,109,827,1797
1445,109,2752,3025
1446,1797,109,3486
1447,827,3475,3472
1448,3483,1797,3253
1449,3025,2752,2315
1450,3483,1797,3168
1451,827,3475,3253
1452,1797,109,2752
1453,1797,109,2752
1454,3472,827,3475
1455,3483,827,3253
1456,1797,109,2752
1457,3483,3253,827
1458,827,3475,3472
1459,1797,3483,3484
1460,3025,3472,2752
1461,3025,3472,2752
1462,1797,109,2752
1463,3483,1797,3253
1464,1797,109,3486
1465,1797,2752,109
1466,1797,109,2752
1467,1797,109,3486
1468,3483,3253,827
1469,827,3475,3483
1470,1797,827,109
1471,1797,109,2752
1472,827,3475,1797
1473,1797,3483,109
1474,827,3475,3253
1475,1797,109,2752
1476,1435,3472,3475
1477,1797,109,2752
1478,3025,3472,2752
1479,3483,3253,827
1480,1797,109,2752
1481,1797,3483,109
1482,3025,2752,3472
1483,1797,3483,3486
1484,1797,109,2752
1485,827,3475,3483
1486,1797,109,3486
1487,827,3475,3472
1488,109,2752,3025
1489,3025,2752,2315
1490,1797,3483,3486
1491,1797,109,3486
1492,109,1797,2752
1493,109,827,3025
1494,3483,1797,3253
1495,827,109,3475
1496,3025,3472,2752
1497,827,3483,1797
1498,3475,827,1435
1499,827,3475,3472
1500,3025,2752,2315
1501,3483,827,3475
1502,1797,3483,3484
1503,3483,1797,3253
1504,3483,1797,3253
1505,3025,2752,2315
1506,3483,827,1797
1507,827,3475,1797
1508,1797,827,3483
1509,827,3475,109
1510,3483,3253,827
1511,827,3475,1400
1512,827,3475,3253
1513,1797,3486,109
1514,3025,3472,2752
1515,827,3475,1797
1516,827,3475,1435
1517,3025,2752,2315
1518,827,3475,109
1519,1797,109,827
1520,3025,2752,3472
1521,3483,1797,3253
1522,3472,1435,3475
1523,3472,827,3475
1524,827,3475,3483
1525,3025,109,2752
1526,3483,827,3253
1527,3483,1797,827
1528,827,3475,1435
1529,827,109,1797
1530,827,3475,1435
1531,3472,3025,827
1532,3483,3253,827
1533,827,3475,3253
1534,3025,3472,2752
1535,3025,2752,109
1536,1797,109,2752
1537,3472,1435,3025
1538,3025,2752,2315
1539,827,3475,3253
1540,1797,3483,109
1541,3483,3253,1797
1542,3483,3253,827
1543,1797,3483,3168
1544,3472,3025,523
1545,3483,1797,3168
1546,1797,109,3486
1547,827,3475,1797
1548,1797,3483,109
1549,827,3475,109
1550,3025,2752,2315
1551,3025,109,2752
1552,1797,181,2752
1553,3025,2752,2315
1554,3483,827,3253
1555,3472,3025,1435
1556,3025,2315,2752
1557,3025,2752,109
1558,827,3475,3472
1559,1797,3483,109
1560,3025,2315,2752
1561,3483,827,3475
1562,1797,109,2752
1563,3472,1435,3025
1564,3025,2752,2315
1565,827,3475,109
1566,1797,181,2752
1567,3025,2752,181
1568,3025,181,2315
1569,827,3475,3253
1570,827,3475,1400
1571,827,3475,109
1572,3475,827,1435
1573,3025,2752,2315
1574,827,3475,3472
1575,3025,3472,2752
1576,3025,3472,2752
1577,827,3483,3475
1578,1797,109,2752
1579,3472,3025,1435
1580,109,1797,2752
1581,1797,109,2752
1582,827,3475,3483
1583,827,109,3475
1584,3025,3472,2752
1585,2752,109,3025
1586,3025,2752,2315
1587,1797,3483,109
1588,3025,2752,3472
1589,1797,3483,827
1590,3472,1435,3025
1591,827,3475,1400
1592,109,2752,3025
1593,1797,109,827
1594,3025,2752,109
1595,1797,3483,827
1596,3025,2752,109
1597,827,3475,3253
1598,1797,109,3486
1599,3472,1435,3475
1600,827,3475,1400
1601,827,3475,3253
1602,1797,3483,3168
1603,3472,1435,3475
1604,2752,3025,2315
1605,3483,3253,827
1606,3483,1797,827
1607,1797,3483,3486
1608,3483,3253,827
1609,1797,3483,3168
1610,827,3475,109
1611,1797,3483,109
1612,1797,827,109
1613,827,3475,1400
1614,1797,3483,827
1615,3025,3472,2315
1616,1797,3483,3486
1617,3483,827,3253
1618,3472,827,1435
1619,1797,3483,827
1620,3483,3253,827
1621,2752,3025,109
1622,3483,3253,827
1623,3483,3253,1797
1624,827,3475,1435
1625,3483,3253,827
1626,3483,1797,3253
1627,1797,181,3486
1628,827,1797,3475
1629,827,3475,1435
1630,3472,1435,3475
1631,3483,827,1797
1632,3025,2752,2315
1633,3483,3253,1797
1634,3483,1797,3168
1635,1797,827,109
1636,3483,827,3253
1637,181,2752,3025
1638,3483,3253,1797
1639,3025,2752,2315
1640,109,3025,2752
1641,1797,109,2752
1642,3253,3475,827
1643,3025,2752,109
1644,3483,1797,3168
1645,109,827,1797
1646,827,3483,3475
1647,3025,2752,2315
1648,181,3025,2315
1649,3483,1797,3253
1650,827,109,3475
1651,827,3475,3253
1652,3025,2752,2315
1653,2752,181,3025
1654,3025,2752,2315
1655,3025,2752,2315
1656,827,3475,3253
1657,3483,3253,827
1658,1797,3483,109
1659,3483,1797,3253
1660,109,3025,2752
1661,3025,3472,2752
1662,3472,1435,3475
1663,3475,827,1435
1664,827,3483,3253
1665,3483,3253,827
1666,3025,2752,2315
1667,3483,3253,827
1668,3483,3253,827
1669,3025,2752,2315
1670,109,3025,2752
1671,3483,3253,827
1672,1797,109,827
1673,3483,1797,3253
1674,1797,109,3486
1675,3025,2752,109
1676,827,3475,3253
1677,3025,2752,2315
1678,3025,3472,2752
1679,3483,827,1797
1680,3483,3253,827
1681,3025,2752,2315
1682,827,3483,3475
1683,1797,3483,827
1684,3472,1435,3025
1685,3483,1797,3253
1686,3025,2752,2315
1687,1797,109,2752
1688,109,1797,2752
1689,3472,3025,523
1690,827,3475,109
1691,1797,181,2752
1692,1797,109,3486
1693,827,3475,3253
1694,3472,3025,2752
1695,1797,3483,3486
1696,827,3475,3483
1697,1797,3483,109
1698,3025,3472,2752
1699,3472,3025,827
1700,827,3475,109
1701,3472,3025,523
1702,3483,3253,827
1703,1797,3483,109
1704,1797,109,2752
1705,3483,3253,827
1706,1797,109,3486
1707,3483,3253,827
1708,1797,109,3486
1709,1797,3483,109
1710,1797,3483,3484
1711,1797,3483,109
1712,1797,109,3486
1713,3472,1435,3025
1714,109,1797,827
1715,3483,827,3475
1716,3483,827,3253
1717,3483,1797,3253
1718,1797,109,2752
1719,3472,3025,827
1720,3025,2752,2315
1721,1435,3472,3475
1722,1797,181,3486
1723,827,3483,3475
1724,827,3475,3472
1725,827,3483,1797
1726,3483,3253,827
1727,3483,827,3253
1728,3025,2752,109
1729,827,3475,1435
1730,1797,827,109
1731,1797,109,2752
1732,1797,109,827
1733,827,3475,3483
1734,1797,3483,3168
1735,3483,827,3253
1736,3025,3472,2752
1737,827,3475,3253
1738,3472,1435,827
1739,1797,3483,109
1740,3483,3253,827
1741,1797,109,3486
1742,1797,109,3486
1743,3483,3253,827
1744,3025,2752,109
1745,827,3475,3253
1746,1797,109,2752
1747,3483,3253,827
1748,1797,109,3486
1749,3483,3253,827
1750,3025,2752,2315
1751,1797,109,2752
1752,3025,2752,3472
1753,2752,3025,2315
1754,827,3483,1797
1755,3483,827,3253
1756,3025,2752,2315
1757,827,3475,3472
1758,3483,3253,827
1759,3025,2752,2315
1760,109,2752,3025
1761,1797,3486,109
1762,3025,2752,2315
1763,3025,2752,2315
1764,3475,1435,827
1765,3483,3253,3168
1766,2752,109,3025
1767,827,3475,3253
1768,3025,3472,2752
1769,827,3475,3483
1770,827,3475,3483
1771,1797,3486,109
1772,1797,109,2752
1773,3025,2315,2752
1774,1797,109,2752
1775,181,3025,2752
1776,827,3475,109
1777,827,3475,3253
1778,3483,3253,827
1779,3483,1797,3168
1780,1797,109,3486
1781,3483,827,3475
1782,3483,827,3475
1783,827,109,1797
1784,3483,3253,827
1785,3483,1797,3253
1786,1797,109,2752
1787,1797,109,3486
1788,3025,2752,2315
1789,1797,3483,3168
1790,3472,1435,3475
1791,3483,827,3253
1792,827,3475,1435
1793,181,2752,3025
1794,3472,827,3025
1795,3483,1797,3168
1796,827,3475,3253
1797,181,1797,2752
1798,3475,827,1435
1799,3483,3253,827
1800,827,3475,3253
1801,1797,109,3483
1802,1797,3483,186
1803,3483,3253,3168
1804,181,2752,3025
1805,1797,181,3486
1806,827,3472,3475
1807,1797,109,2752
1808,3483,3253,827
1809,827,3475,1797
1810,3025,2752,3472
1811,3025,109,2752
1812,1797,3483,3168
1813,3025,2752,2315
1814,3472,827,3475
1815,1797,3483,109
1816,3025,3472,2752
1817,1797,109,2752
1818,1797,2752,109
1819,3025,2752,2315
1820,1797,109,3486
1821,3472,3025,1435
1822,827,3483,3475
1823,3483,1797,827
1824,2752,1797,3025
1825,3025,2752,2315
1826,3483,1797,3168
1827,3472,3025,1435
1828,827,3475,3483
1829,109,2752,3025
1830,827,3475,3253
1831,827,3475,3253
1832,3483,3253,827
1833,3025,2752,109
1834,3472,3025,523
1835,3483,1797,3253
1836,3475,827,3253
1837,2752,3025,109
1838,1797,3483,109
1839,3472,3025,827
1840,3025,3472,2752
1841,1797,109,827
1842,3483,3253,827
1843,3472,3025,1435
1844,3483,1797,3168
1845,827,3475,1435
1846,1797,827,109
1847,3472,1435,3475
1848,3472,3025,1435
1849,1797,109,3486
1850,3475,827,1435
1851,3483,827,3475
1852,1797,3483,109
1853,3483,3253,827
1854,3025,3472,2752
1855,3472,1435,3475
1856,3483,3253,3168
1857,3472,3025,1435
1858,3025,2752,2315
1859,109,1797,2752
1860,3483,1797,3168
1861,3483,3253,827
1862,3483,1797,3253
1863,3475,1435,827
1864,3483,3253,827
1865,827,3475,3483
1866,3025,2752,181
1867,3025,2752,2315
1868,3483,1797,827
1869,3025,3472,2752
1870,3483,1797,3253
1871,3483,827,3475
1872,3483,3253,3168
1873,3472,1435,827
1874,827,3475,1435
1875,3483,827,3253
1876,827,3475,3253
1877,1797,109,3486
1878,109,2752,3025
1879,827,3475,3472
1880,1797,109,3486
1881,827,3475,3253
1882,3025,2752,2315
1883,1435,3472,3475
1884,1797,3486,181
1885,3025,2315,2752
1886,3025,2752,2315
1887,827,3475,3253
1888,3483,1797,3253
1889,827,3475,3253
1890,3483,3253,827
1891,1797,2752,181
1892,3483,3253,827
1893,3483,3253,827
1894,1797,3483,3484
1895,3025,2752,2315
1896,827,3483,3475
1897,1797,3483,827
1898,3025,2752,2315
1899,827,3475,3483
1900,827,3475,3472
1901,827,3475,1435
1902,3483,3253,827
1903,827,3475,3472
1904,3472,1435,3475
1905,1797,3483,109
1906,827,3472,3475
1907,827,3475,3253
1908,827,3475,3253
1909,1797,109,827
1910,3025,2752,2315
1911,3025,3472,2752
1912,181,1797,2752
1913,3483,3253,3168
1914,2752,3025,109
1915,3025,2752,2315
1916,1797,827,109
1917,3483,3253,827
1918,109,3025,2752
1919,1797,109,2752
1920,3025,109,3472
1921,3483,3253,827
1922,827,3475,1400
1923,109,3025,2752
1924,1797,109,3486
1925,3483,3253,1797
1926,1797,3483,3486
1927,827,3475,3253
1928,1797,2752,109
1929,3025,2752,2315
1930,3025,2752,109
1931,3483,827,1797
1932,3483,827,3253
1933,3472,1435,827
1934,1797,3486,181
1935,2752,3025,109
1936,3483,1797,3253
1937,3472,827,1435
1938,3025,2752,2315
1939,827,3475,3253
1940,3472,3025,1435
1941,1797,3483,3484
1942,109,1797,2752
1943,827,1797,3483
1944,3025,2752,3472
1945,3483,1797,3253
1946,3472,827,1435
1947,827,3475,3253
1948,3025,2752,2315
1949,1797,3483,3168
1950,827,3483,3475
1951,3483,3253,827
1952,1797,109,2752
1953,1797,109,827
1954,3483,827,1797
1955,3483,1797,827
1956,3472,827,3475
1957,3025,2752,109
1958,827,3475,3253
1959,1797,109,2752
1960,3483,3253,827
1961,1797,3483,827
1962,827,3475,109
1963,827,3475,3472
1964,827,3475,1435
1965,3025,2752,3472
1966,3483,3253,827
1967,3025,2752,2315
1968,827,3483,3475
1969,3472,827,3025
1970,109,827,1797
1971,1797,3483,827
1972,827,3475,3483
1973,3472,3025,1435
1974,3025,2752,109
1975,827,3475,3472
1976,827,3475,1435
1977,827,3475,3472
1978,1797,2752,109
1979,827,3475,3472
1980,827,3475,3253
1981,3483,3253,827
1982,3025,2752,2315
1983,109,1797,2752
1984,827,109,3475
1985,3025,2752,2315
1986,827,3475,3472
1987,3025,109,2752
1988,1797,3483,3484
1989,3483,827,3253
1990,1797,109,827
1991,1435,3475,827
1992,3483,3253,827
1993,827,3475,3253
1994,827,3483,3475
1995,1797,2752,109
1996,3025,109,2752
1997,827,3475,1400
1998,3483,1797,3253
1999,3025,2752,109
2000,827,3472,3475
2001,1797,3483,827
2002,827,3475,3472
2003,3483,1797,3168
2004,3025,3472,2752
2005,2752,1797,109
2006,3483,3253,827
2007,3472,1435,3025
2008,3483,3253,827
2009,827,3472,3475
2010,181,2752,1797
2011,109,1797,2752
2012,181,2752,1797
2013,1797,109,2752
2014,827,3483,1797
2015,827,3483,3475
2016,2752,3025,109
2017,3025,2752,2315
2018,1797,109,3486
2019,3483,1797,3253
2020,2752,3025,2315
2021,1797,3483,3484
2022,827,3475,3253
2023,3025,2752,2315
2024,3025,2752,2315
2025,827,3475,3253
2026,1797,3483,3486
2027,1797,827,3483
2028,827,3475,1435
2029,3025,2752,109
2030,3472,1435,1044
2031,827,3483,3475
2032,3025,2752,2315
2033,3483,1797,3253
2034,827,3475,1400
2035,3483,1797,827
2036,827,3475,3253
2037,3025,3472,2315
2038,3025,3472,2752
2039,827,3475,3483
2040,1797,181,3486
2041,827,3475,1435
2042,3025,2752,2315
2043,3025,2752,2315
2044,3472,3025,827
2045,3025,2752,2315
2046,3483,3253,827
2047,3483,3253,827
2048,1797,3483,3168
2049,1797,3483,827
2050,3025,2752,2315
2051,827,3475,3253
2052,3483,1797,3253
2053,109,827,3025
2054,2752,3025,109
2055,3483,827,1797
2056,1797,3483,109
2057,3483,3253,827
2058,1797,109,827
2059,3025,3472,2752
2060,109,3025,2752
2061,3483,3253,827
2062,3483,3253,1797
2063,827,3472,3475
2064,1797,3483,109
2065,3483,3253,1797
2066,3472,3025,2752
2067,3025,3472,523
2068,1797,3483,3486
2069,3025,2752,181
2070,1797,3483,109
2071,3472,1435,1044
2072,3472,1435,827
2073,2752,3025,2315
2074,827,3475,3253
2075,3025,3472,2752
2076,3025,2752,2315
2077,3025,2752,2315
2078,3472,3025,1435
2079,827,3475,3472
2080,827,3475,3253
2081,1797,3486,181
2082,3025,181,2315
2083,827,109,1797
2084,3472,3025,1435
2085,3025,2752,109
2086,3025,2752,2315
2087,827,3475,109
2088,827,3475,1400
2089,3483,3253,3168
2090,827,3475,109
2091,1797,109,3486
2092,3472,3025,1435
2093,827,3475,3253
2094,827,3475,3472
2095,3475,827,1435
2096,1797,3483,109
2097,3472,3025,2752
2098,827,3475,3483
2099,3472,3025,1435
2100,3472,1435,3475
2101,1797,109,3486
2102,3483,3253,827
2103,1797,827,109
2104,1797,109,3486
2105,3483,827,3253
2106,827,3475,3472
2107,827,3475,3472
2108,1435,3475,827
2109,3475,827,1435
2110,827,3475,1400
2111,3025,2752,2315
2112,827,3475,3253
2113,2752,3025,109
2114,3472,1435,3475
2115,3472,1435,827
2116,3483,827,1797
2117,3475,827,1435
2118,3025,2315,2752
2119,1797,109,3486
2120,3472,1435,827
2121,827,3472,3475
2122,827,3475,1435
2123,827,3483,3475
2124,1797,181,2752
2125,1797,109,2752
2126,827,3475,3253
2127,3472,3025,1435
2128,1797,3483,109
2129,827,3475,1400
2130,109,1797,2752
2131,827,3475,3253
2132,3483,827,3253
2133,3025,2752,109
2134,109,1797,827
2135,3472,3025,1435
2136,827,3475,3483
2137,3025,3472,2752
2138,3025,2752,109
2139,1797,109,827
2140,109,1797,2752
2141,3483,1797,827
2142,3025,2752,2315
2143,109,3025,827
2144,3025,2752,109
2145,3025,181,2315
2146,3483,3253,827
2147,3483,827,3253
2148,3025,2752,2315
2149,3483,3253,827
2150,3025,2752,2315
2151,3483,1797,827
2152,2752,3025,181
2153,109,3025,2752
2154,3025,2752,109
2155,3483,3253,1797
2156,181,2752,1797
2157,827,3483,3475
2158,1797,3483,3484
2159,3483,827,3253
2160,3025,2752,109
2161,827,3475,1400
2162,3025,2752,2315
2163,827,3475,109
2164,3025,2752,109
2165,3025,3472,109
2166,1797,3483,3168
2167,1797,109,3486
2168,3483,827,3253
2169,3483,827,1797
2170,3475,827,1435
2171,3483,827,3253
2172,181,2752,2315
2173,3025,2752,2315
2174,827,3475,3253
2175,3472,827,3475
2176,827,3472,3475
2177,1797,827,3483
2178,827,3475,109
2179,827,3472,3475
2180,1797,3483,186
2181,3483,1797,827
2182,827,3475,3253
2183,109,3025,827
2184,827,109,3025
2185,1435,3472,3475
2186,1797,109,2752
2187,109,3025,2752
2188,3483,1797,3253
2189,181,2752,2315
2190,3025,2752,2315
2191,827,3475,109
2192,827,3475,3253
2193,3025,3472,2752
2194,2752,181,3025
2195,1797,109,827
2196,827,3475,3253
2197,3483,3253,827
2198,3025,2752,3472
2199,827,3475,3253
2200,1797,3483,3253
2201,3025,2752,109
2202,1797,109,2752
2203,3025,2752,2315
2204,1797,109,3486
2205,1797,109,3486
2206,109,2752,3025
2207,3483,1797,3168
2208,1797,827,3483
2209,3025,2752,2315
2210,109,3025,2752
2211,827,3475,3483
2212,827,3025,109
2213,1797,2752,109
2214,3025,2752,2315
2215,3472,827,3475
2216,3472,3025,827
2217,181,2752,2315
2218,3025,2752,2315
2219,1797,3483,109
2220,1435,3472,3475
2221,1797,3483,827
2222,3025,109,2752
2223,109,827,3025
2224,3475,827,1435
2225,3483,3253,1797
2226,1797,3483,3486
2227,3483,827,3253
2228,3483,3253,827
2229,1797,827,3483
2230,827,3475,1435
2231,2752,3025,2315
2232,3025,2752,2315
2233,827,3025,109
2234,3475,827,1435
2235,3025,2752,2315
2236,109,1797,2752
2237,3483,3253,3168
2238,3483,3253,827
2239,3025,3472,2752
2240,827,3475,3253
2241,1797,109,3486
2242,1797,181,3486
2243,827,3475,1435
2244,3472,3025,1435
2245,827,3475,3253
2246,3472,3025,827
2247,3483,1797,3253
2248,827,3475,1435
2249,3483,827,1797
2250,827,3475,1400
2251,827,3475,3253
2252,1797,109,2752
2253,3472,1435,827
2254,3025,2752,2315
2255,3483,1797,3253
2256,3483,827,3253
2257,1797,3483,3484
2258,1797,109,2752
2259,109,1797,2752
2260,1797,109,827
2261,3483,3253,827
2262,3483,3253,827
2263,1797,181,3486
2264,3483,827,3253
2265,3025,2752,2315
2266,3483,1797,3168
2267,3483,827,3253
2268,3025,2752,2315
2269,827,3483,3475
2270,3472,1435,1044
2271,181,2752,2315
2272,3483,3253,827
2273,1797,109,3486
2274,827,3475,3483
2275,109,827,3025
2276,827,3475,3472
2277,3025,2752,2315
2278,3472,3025,1435
2279,3483,3253,1797
2280,1797,109,827
2281,1797,3483,109
2282,3483,1797,3168
2283,827,3475,1400
2284,3483,3253,3168
2285,3025,3472,2752
2286,3475,827,1435
2287,827,3475,3472
2288,3025,3472,2752
2289,3025,2752,2315
2290,827,3475,3253
2291,109,1797,2752
2292,3025,2752,109
2293,3483,1797,3253
2294,3472,1435,3025
2295,827,3475,109
2296,3483,3253,827
2297,1797,109,3486
2298,3483,1797,3168
2299,3472,1435,3475
2300,827,3475,3253
2301,3472,827,3475
2302,3025,2752,2315
2303,827,3475,1435
2304,3483,3253,827
2305,827,109,3475
2306,3483,3253,827
2307,827,3475,3483
2308,3025,2752,2315
2309,1797,3483,3253
2310,2752,181,3025
2311,827,3475,3253
2312,827,3475,1435
2313,1797,109,2752
2314,827,3475,3483
2315,3483,827,3475
2316,827,1797,109
2317,3483,3253,827
2318,109,1797,2752
2319,827,3475,3253
2320,3472,1435,3475
2321,3472,1435,827
2322,3025,109,2752
2323,1797,109,2752
2324,3025,2752,2315
2325,109,2752,3025
2326,3483,1797,827
2327,3025,3472,2752
2328,1797,3483,109
2329,1797,3483,109
2330,827,3475,3472
2331,3483,3253,827
2332,827,3475,3253
2333,3483,3168,1797
2334,1797,3483,827
2335,3472,1435,827
2336,1797,109,2752
2337,181,2752,2315
2338,827,3475,1435
2339,827,3025,3472
2340,827,3475,1400
2341,3475,827,1435
2342,3483,3253,3168
2343,3472,3025,2752
2344,1797,181,3486
2345,1797,109,3486
2346,181,2752,2315
2347,827,3475,3472
2348,827,3475,109
2349,3472,1435,3475
2350,1797,3483,109
2351,1797,3483,3486
2352,3483,3253,827
2353,109,827,3475
2354,1797,109,3486
2355,3472,1435,3025
2356,3483,1797,3253
2357,3483,827,3253
2358,3483,827,1797
2359,1797,109,3486
2360,827,3475,3483
2361,827,3475,1435
2362,3483,1797,3253
2363,109,2752,1797
2364,3483,3253,827
2365,1797,109,3486
2366,827,3483,3475
2367,1797,3483,827
2368,3483,3253,827
2369,827,3475,1797
2370,3483,3253,827
2371,3483,827,3253
2372,827,3475,3253
2373,827,3475,3253
2374,3025,2752,2315
2375,3483,3253,827
2376,1797,109,2752
2377,3025,2752,2315
2378,827,3475,1435
2379,827,3475,109
2380,1797,109,2752
2381,3483,3253,1797
2382,3472,827,3025
2383,3025,3472,2752
2384,3025,3472,2752
2385,3025,2752,109
2386,827,3475,109
2387,827,3475,3253
2388,109,1797,2752
2389,3483,3253,1797
2390,1797,3483,827
2391,827,3475,3472
2392,3483,3253,827
2393,3025,109,2752
2394,2752,1797,181
2395,3483,3253,827
2396,3483,1797,827
2397,827,3475,3253
2398,2752,3025,109
2399,1797,3483,3486
2400,1797,2752,109
2401,1797,109,2752
2402,827,1797,3483
2403,827,3475,109
2404,3483,3253,827
2405,3475,827,3253
2406,1797,3483,109
2407,3025,3472,109
2408,3472,3025,827
2409,3483,827,3253
2410,827,3475,3483
2411,3483,1797,3168
2412,3025,2752,2315
2413,3483,3253,3168
2414,827,3475,1400
2415,3483,3253,1797
2416,1797,3483,186
2417,3475,827,1435
2418,827,3475,3472
2419,1797,181,2752
2420,1797,109,2752
2421,827,3472,3475
2422,3025,109,2752
2423,827,3475,1435
2424,3025,3472,2752
2425,1797,109,3486
2426,3483,1797,827
2427,1797,3483,109
2428,3472,3025,827
2429,3025,3472,2752
2430,827,1797,3483
2431,3483,3253,827
2432,827,3483,3475
2433,3472,3025,1435
2434,827,3475,1400
2435,827,3475,3253
2436,2752,1797,109
2437,827,3475,1797
2438,3025,2752,2315
2439,3472,3025,827
2440,1797,2752,109
2441,1797,3483,3168
2442,3483,3253,3168
2443,1797,109,2752
2444,1797,109,827
2445,1797,3483,3486
2446,827,3475,3253
2447,827,3475,1435
2448,827,3475,3472
2449,1797,109,827
2450,3483,1797,3168
2451,3483,827,3253
2452,3025,2752,2315
2453,1797,109,2752
2454,827,3475,3253
2455,3472,1435,3475
2456,1797,3483,3484
2457,109,827,2752
2458,827,3475,1435
2459,3483,1797,3168
2460,3025,3472,2752
2461,3472,3025,1435
2462,3472,3025,2752
2463,827,3475,109
2464,3025,2752,2315
2465,3025,2752,2315
2466,3472,3025,1435
2467,3472,3025,2752
2468,3472,1435,3475
2469,3472,827,3025
2470,3025,2752,2315
2471,3025,2752,2315
2472,3025,2752,2315
2473,1797,109,2752
2474,3483,1797,3168
2475,1797,109,2752
2476,3025,3472,2752
2477,1797,3483,3168
2478,3025,2752,2315
2479,827,3475,1400
2480,3483,3253,827
2481,3025,2752,3472
2482,827,3475,1400
2483,3483,1797,3253
2484,827,3475,109
2485,3483,827,3253
2486,827,3475,3472
2487,3483,1797,3253
2488,3483,3253,827
2489,827,3475,3253
2490,3025,3472,2752
2491,1797,181,2752
2492,3472,1435,827
2493,3472,3025,1435
2494,1797,3486,109
2495,2752,3025,181
2496,1435,3475,827
2497,3025,2752,2315
2498,3483,827,3253
2499,827,3475,3253
2500,827,3475,1435
2501,3483,827,3253
2502,827,3475,1435
2503,1797,109,827
2504,109,1797,2752
2505,3025,2752,2315
2506,827,3475,3472
2507,3025,2752,2315
2508,1797,109,3486
2509,827,3475,1400
2510,3472,827,3475
2511,1797,109,827
2512,3483,3253,827
2513,3025,2752,2315
2514,3025,3472,2752
2515,827,3475,1400
2516,3483,3253,3168
2517,827,3475,3472
2518,1797,109,2752
2519,827,3475,1435
2520,3483,3253,827
2521,3025,3472,2752
2522,1797,109,2752
2523,827,3475,3253
2524,1797,109,3486
2525,827,3475,1400
2526,827,3475,3483
2527,1797,3483,827
2528,3483,1797,3253
2529,3472,1435,827
2530,3483,1797,3253
2531,1797,3483,109
2532,1797,109,2752
2533,1797,109,2752
2534,3025,3472,2752
2535,1797,3483,109
2536,3472,3025,827
2537,827,3483,3253
2538,1797,109,2752
2539,3472,3025,827
2540,1797,109,3486
2541,3483,827,3475
2542,181,2752,3025
2543,827,3475,1435
2544,3483,1797,3253
2545,827,3475,3472
2546,827,3475,109
2547,827,3475,3253
2548,827,109,3475
2549,3483,827,3253
2550,3483,3253,827
2551,3025,2752,3472
2552,109,827,3025
2553,3025,2752,2315
2554,1435,3475,827
2555,827,3475,3253
2556,181,3025,2752
2557,827,3475,3483
2558,1797,3483,109
2559,3025,2752,109
2560,3025,2752,109
2561,3025,2752,109
2562,3025,2752,2315
2563,827,3475,3253
2564,1797,3486,109
2565,3025,3472,2752
2566,1797,109,3483
2567,3025,109,2752
2568,827,3475,3253
2569,827,3475,3253
2570,3475,827,1435
2571,827,1797,3475
2572,1797,109,3486
2573,3025,2752,2315
2574,827,3475,1435
2575,827,3475,3472
2576,3483,1797,3253
2577,3025,109,2752
2578,3025,2752,109
2579,3483,3253,827
2580,3483,3253,1797
2581,1797,109,827
2582,1797,3483,186
2583,3472,1435,3475
2584,3483,1797,3253
2585,3025,2752,2315
2586,827,3475,3483
2587,3483,3253,3168
2588,1797,109,3486
2589,109,827,1797
2590,3483,827,3253
2591,827,3475,109
2592,827,3475,3253
2593,109,2752,1797
2594,1797,3483,3484
2595,827,3475,1435
2596,1797,109,827
2597,827,3472,3475
2598,3472,827,3025
2599,3483,827,3253
2600,3025,2315,2752
2601,181,2752,3025
2602,1797,109,827
2603,3025,2752,3472
2604,109,1797,827
2605,827,3475,3253
2606,827,3475,109
2607,3483,3253,827
2608,827,3475,3253
2609,3025,2752,2315
2610,3483,1797,3253
2611,3025,3472,2752
2612,3472,3025,827
2613,3025,2752,3472
2614,1797,109,3486
2615,3025,3472,2752
2616,3472,1435,827
2617,3483,3253,827
2618,827,1797,109
2619,3472,1435,827
2620,1797,109,2752
2621,3472,1435,3475
2622,827,3475,109
2623,3483,827,3253
2624,1797,3483,3486
2625,827,3475,3483
2626,3025,109,2752
2627,827,3475,3472
2628,3483,3253,827
2629,3025,2752,2315
2630,3472,3025,523
2631,181,2752,1797
2632,827,3475,1435
2633,3472,827,3475
2634,3025,2752,2315
2635,3483,827,3253
2636,1797,3483,109
2637,181,2752,1797
2638,1797,109,2752
2639,1797,109,2752
2640,3483,1797,3253
2641,827,3475,3253
2642,2752,181,3025
2643,827,3475,1400
2644,827,3475,1400
2645,1797,109,3486
2646,3025,109,827
2647,827,3475,3472
2648,3483,3253,827
2649,3472,827,3475
2650,3025,2752,2315
2651,1797,109,2752
2652,3025,2752,109
2653,3483,3253,827
2654,3483,1797,3168
2655,109,3025,2752
2656,3483,1797,3168
2657,3475,827,1435
2658,3472,3025,827
2659,827,3472,3475
2660,3483,1797,3168
2661,3483,1797,3253
2662,827,3475,3253
2663,827,3475,3472
2664,3472,827,3475
2665,827,3475,3472
2666,3483,1797,3168
2667,1797,109,3486
2668,827,3475,109
2669,1797,3483,827
2670,1797,3486,109
2671,2752,3025,109
2672,3483,1797,3253
2673,2752,3025,109
2674,1435,3475,827
2675,3025,2752,2315
2676,3025,2752,109
2677,3483,3253,1797
2678,827,3475,1400
2679,3483,827,3253
2680,3472,1435,827
2681,1797,3483,3253
2682,3483,1797,3253
2683,1435,3472,3475
2684,3472,827,3475
2685,3025,2752,2315
2686,827,3475,3472
2687,3025,3472,2752
2688,1797,109,3486
2689,1797,109,827
2690,3483,1797,3253
2691,1797,109,3483
2692,3025,2752,2315
2693,3483,3253,827
2694,1797,109,2752
2695,109,1797,827
2696,3472,827,3475
2697,3483,1797,827
2698,1797,3483,3484
2699,827,3475,3483
2700,1797,3483,3168
2701,109,1797,2752
2702,1797,109,3486
2703,109,1797,2752
2704,3472,1435,3475
2705,827,3475,109
2706,827,109,1797
2707,3483,3253,827
2708,3483,3253,827
2709,827,3475,3253
2710,1797,3486,181
2711,3025,2315,2752
2712,3472,1435,3475
2713,1797,109,2752
2714,827,3475,3472
2715,3472,1435,3475
2716,1797,3483,109
2717,3483,1797,827
2718,3472,1435,3025
2719,3483,3253,1797
2720,1797,181,2752
2721,3483,3253,1797
2722,3472,1435,3025
2723,3025,2752,2315
2724,1797,109,2752
2725,827,3475,3472
2726,1797,3483,3168
2727,1797,3486,109
2728,3483,1797,3253
2729,1797,109,2752
2730,827,3472,3475
2731,3025,2752,109
2732,827,3475,1435
2733,3483,1797,3168
2734,3472,3025,1435
2735,3483,3253,827
2736,3483,3253,1797
2737,3025,2752,2315
2738,3483,1797,3253
2739,1797,109,3486
2740,827,3475,3253
2741,3475,827,1435
2742,3472,827,3475
2743,3475,827,1435
2744,827,3483,3475
2745,3025,2752,2315
2746,827,3475,3253
2747,3025,2752,2315
2748,3025,2752,2315
2749,1797,109,2752
2750,1797,827,3483
2751,3483,3253,827
2752,827,3475,3253
2753,827,3475,3253
2754,827,3475,3472
2755,3472,1435,3475
2756,1797,3483,109
2757,3483,3253,827
2758,3483,1797,827
2759,827,1797,3475
2760,3025,2752,2315
2761,3025,3472,2752
2762,3025,3472,2752
2763,3025,2752,109
2764,3025,2752,2315
2765,1435,3472,3475
2766,3472,3025,827
2767,109,2752,3025
2768,2752,3025,2315
2769,827,3475,3472
2770,3483,827,3253
2771,827,3475,109
2772,3025,109,3472
2773,827,3475,3253
2774,1797,109,2752
2775,109,2752,3025
2776,1797,109,3486
2777,3472,827,3025
2778,3025,2752,109
2779,3025,3472,2752
2780,2752,3025,2315
2781,3025,3472,2752
2782,3025,3472,109
2783,2752,3025,109
2784,181,2752,3025
2785,109,2752,3025
2786,1797,181,2752
2787,1797,181,2752
2788,2752,3025,109
2789,1797,109,181
2790,827,1797,109
2791,827,3475,3472
2792,827,3475,1435
2793,827,1797,3475
2794,3472,3025,1435
2795,3025,2752,109
2796,827,3475,3472
2797,827,3475,109
2798,3483,1797,3253
2799,1797,109,2752
2800,827,3475,3253
2801,3025,2752,2315
2802,3483,1797,827
2803,1797,109,2752
2804,3472,3025,523
2805,3483,827,1797
2806,827,3475,109
2807,3472,3025,1435
2808,3025,2752,2315
2809,3472,827,3025
2810,3483,827,3253
2811,3483,3253,827
2812,3472,827,3475
2813,1797,3483,827
2814,1797,109,3486
2815,3472,827,3475
2816,3025,2752,2315
2817,3025,3472,2315
2818,3483,827,3253
2819,3483,1797,3168
2820,3483,827,3475
2821,3483,3253,827
2822,827,3475,3472
2823,827,3475,1435
2824,3025,2752,2315
2825,3483,3253,827
2826,3472,3025,827
2827,1797,109,827
2828,3025,2752,2315
2829,3483,3253,827
2830,1797,3483,186
2831,3472,1435,827
2832,3483,3253,827
2833,3483,3253,827
2834,3483,827,3253
2835,3025,2752,2315
2836,3483,3253,827
2837,1797,109,3486
2838,3475,1435,827
2839,3472,3025,1435
2840,3483,3253,827
2841,3025,2752,109
2842,3025,2752,109
2843,3025,2752,2315
2844,3025,2752,109
2845,181,1797,2752
2846,1797,109,2752
2847,3025,2752,2315
2848,827,3475,3483
2849,3472,1435,827
2850,827,3475,109
2851,3025,2752,2315
2852,3025,2752,2315
2853,3483,3253,827
2854,3483,1797,3168
2855,3472,1435,3025
2856,827,3475,3253
2857,181,1797,2752
2858,3483,1797,3253
2859,3483,827,3253
2860,3483,1797,3253
2861,1797,109,827
2862,3483,1797,3168
2863,1797,109,3486
2864,827,3475,3472
2865,109,1797,2752
2866,1797,3483,3168
2867,827,3475,3483
2868,3483,1797,3168
2869,3025,3472,2752
2870,3472,827,3475
2871,3025,2752,2315
2872,3025,109,2752
2873,3483,827,3253
2874,1797,3483,3484
2875,827,3475,1400
2876,3483,3253,3168
2877,827,3475,3253
2878,3025,3472,2752
2879,1797,109,3486
2880,3025,2752,2315
2881,827,3475,3253
2882,3472,827,3475
2883,827,3475,3253
2884,1797,109,2752
2885,1797,181,3486
2886,181,3025,2752
2887,3025,109,2752
2888,827,3475,1400
2889,181,3025,2752
2890,1797,3483,186
2891,3483,1797,827
2892,827,3475,1400
2893,1797,827,3483
2894,3025,2752,2315
2895,827,3475,3253
2896,3472,1435,3025
2897,1797,109,3486
2898,1797,109,827
2899,1435,3475,827
2900,827,3483,3475
2901,3483,827,3253
2902,827,3475,3483
2903,3025,2752,3472
2904,3025,2752,2315
2905,1797,109,3486
2906,3483,3253,827
2907,109,3025,2752
2908,3025,109,2752
2909,827,109,3025
2910,1797,827,3483
2911,3472,1435,827
2912,827,3483,3253
2913,3483,3253,1797
2914,3025,181,2752
2915,827,3475,109
2916,3472,3025,1435
2917,3483,1797,3168
2918,827,1797,3475
2919,1797,3483,3168
2920,3483,1797,3168
2921,827,3475,3483
2922,3025,2752,2315
2923,3483,3253,827
2924,109,3025,2752
2925,3483,3253,827
2926,3025,2752,2315
2927,827,3475,3483
2928,3025,2752,2315
2929,3025,2752,2315
2930,3483,3253,827
2931,827,3475,3253
2932,3483,827,1797
2933,827,3475,3483
2934,3025,2752,109
2935,3472,827,3475
2936,827,109,1797
2937,3472,3025,1435
2938,1797,3483,109
2939,827,3475,3472
2940,827,3475,3253
2941,3475,1435,827
2942,3483,3253,827
2943,109,2752,3025
2944,827,3475,1400
2945,3025,2752,2315
2946,3025,2752,109
2947,1797,3483,3484
2948,3483,1797,3168
2949,3483,3253,827
2950,109,1797,827
2951,3483,827,3253
2952,3483,3253,1797
2953,1797,109,2752
2954,3025,2752,2315
2955,3483,1797,3253
2956,3483,3253,827
2957,1797,3483,827
2958,3472,3025,827
2959,827,109,3475
2960,3025,3472,2315
2961,3483,827,3253
2962,827,3475,1797
2963,3475,827,1435
2964,3483,1797,3253
2965,3472,3025,523
2966,3483,3253,827
2967,827,3475,3253
2968,3025,2752,109
2969,109,3025,2752
2970,3025,2752,2315
2971,1797,109,3486
2972,1797,109,3486
2973,1797,3486,109
2974,827,3475,3483
2975,827,3475,3472
2976,827,3475,3253
2977,3483,827,3253
2978,3472,1435,3475
2979,1797,109,827
2980,3025,2752,3472
2981,1797,3486,109
2982,827,3475,3472
2983,827,109,3475
2984,1797,2752,109
2985,827,3475,1797
2986,1797,109,3486
2987,3483,3253,827
2988,827,3475,109
2989,3472,827,3025
2990,1797,109,3486
2991,3483,1797,3253
2992,3472,1435,3475
2993,2752,3025,2315
2994,3025,2752,2315
2995,3483,3253,827
2996,2752,3025,109
2997,3472,1435,827
2998,3483,1797,3168
2999,827,3475,3253
3000,3025,2752,2315
3001,827,3475,3253
3002,827,3475,3472
3003,1797,3483,109
3004,3483,3253,827
3005,1797,109,3483
3006,109,1797,827
3007,827,3475,3253
3008,109,827,3025
3009,1797,181,109
3010,3025,2752,2315
3011,1797,3483,3168
3012,3483,827,3253
3013,2752,3025,109
3014,3483,1797,827
3015,2752,109,3025
3016,3483,1797,3253
3017,827,3253,3475
3018,827,3475,3253
3019,109,2752,1797
3020,3025,2752,2315
3021,3483,3253,3168
3022,3472,3025,523
3023,3472,827,3025
3024,3472,1435,3025
3025,827,3475,1435
3026,109,3025,2752
3027,827,3475,3472
3028,1797,3483,3484
3029,1797,3483,109
3030,3472,3025,827
3031,3483,3253,3168
3032,827,3475,3253
3033,1797,3483,109
3034,3483,1797,3253
3035,1797,181,2752
3036,3483,1797,3253
3037,3483,3253,1797
3038,1797,3483,3484
3039,3025,2752,2315
3040,109,827,3475
3041,3472,827,3475
3042,3025,3472,2752
3043,827,3475,3472
3044,827,3475,3253
3045,109,2752,3025
3046,109,1797,2752
3047,109,3025,2752
3048,3483,3253,827
3049,827,3475,3253
3050,3483,1797,3253
3051,1797,3483,3484
3052,827,3475,3483
3053,3483,827,3253
3054,827,3475,3253
3055,3025,2752,2315
3056,827,109,3475
3057,109,3025,2752
3058,1797,109,3486
3059,1797,109,2752
3060,3483,3253,827
3061,3475,827,1435
3062,3475,827,1435
3063,827,3475,3472
3064,827,3475,3483
3065,1797,3483,3486
3066,827,3475,3253
3067,3025,3472,2752
3068,3483,1797,3253
3069,3475,827,1435
3070,827,3475,109
3071,827,1797,3475
3072,827,3475,3483
3073,827,3475,109
3074,827,3475,109
3075,3025,109,2752
3076,3483,1797,3253
3077,3025,3472,2752
3078,109,2752,3025
3079,827,3475,3253
3080,3483,3253,827
3081,3483,1797,3253
3082,827,3475,1435
3083,3025,3472,2315
3084,3483,3253,827
3085,1797,109,2752
3086,3483,3253,827
3087,3483,3253,3168
3088,3025,2752,2315
3089,109,1797,2752
3090,827,3475,1435
3091,3483,3253,1797
3092,3483,3253,827
3093,827,3475,1400
3094,827,3475,3253
3095,827,3475,1400
3096,3025,109,2752
3097,1797,3483,109
3098,3025,2752,2315
3099,1435,3472,3475
3100,1435,3475,827
3101,827,3475,3253
3102,3472,827,1435
3103,3025,2752,2315
3104,827,109,3025
3105,827,3475,3472
3106,3025,2752,2315
3107,3483,827,3253
3108,3025,2752,2315
3109,827,3475,1435
3110,181,1797,2752
3111,827,3475,1435
3112,827,3475,3253
3113,3475,827,1435
3114,1797,3486,109
3115,827,3475,109
3116,827,3475,1400
3117,827,3475,3253
3118,827,3475,3253
3119,2752,3025,109
3120,3472,1435,3475
3121,827,3475,3483
3122,3025,109,827
3123,3483,3253,3168
3124,3483,1797,3168
3125,827,3475,3253
3126,3483,3253,827
3127,3472,827,3475
3128,3472,3025,523
3129,3483,3253,827
3130,3483,1797,3168
3131,3025,2752,2315
3132,1797,109,2752
3133,109,3025,2752
3134,1797,109,3486
3135,3483,3253,827
3136,3483,3253,827
3137,3483,3253,827
3138,3483,3253,827
3139,3483,3253,827
3140,109,2752,3025
3141,3483,3253,1797
3142,1797,109,3486
3143,827,3475,3253
3144,1797,3483,109
3145,827,3475,3483
3146,827,3475,3253
3147,1797,109,3486
3148,1797,109,3486
3149,3025,2752,2315
3150,827,3475,3253
3151,1797,109,3486
3152,109,3025,2752
3153,1797,3483,109
3154,3025,2752,109
3155,827,3475,1400
3156,1797,109,3486
3157,827,3475,3253
3158,3483,827,3253
3159,1797,3483,3168
3160,3483,1797,3168
3161,3483,827,1797
3162,3483,1797,3253
3163,1797,109,2752
3164,3025,2752,2315
3165,3025,3472,2752
3166,109,827,1797
3167,3483,3253,827
3168,3483,3253,827
3169,1797,827,3483
3170,3483,3253,1797
3171,1797,827,109
3172,827,3475,3253
3173,3025,2752,109
3174,3483,3253,827
3175,827,3475,1400
3176,1797,3486,109
3177,827,3475,109
3178,827,3475,109
3179,3025,2752,2315
3180,1797,109,827
3181,3483,827,3253
3182,3483,3253,827
3183,109,2752,3025
3184,3025,2752,2315
3185,3025,2752,2315
3186,3472,3025,827
3187,827,3475,3253
3188,3483,1797,3168
3189,3025,2752,2315
3190,3025,2752,109
3191,1797,3486,109
3192,1797,109,827
3193,3472,1435,3475
3194,1797,109,827
3195,3472,3025,2752
3196,827,3475,1400
3197,827,3475,109
3198,1797,109,827
3199,827,3475,3253
3200,1797,3483,3168
3201,3472,1435,3475
3202,181,1797,2752
3203,3025,109,2752
3204,827,3475,1400
3205,3472,827,3475
3206,181,3025,2752
3207,3483,827,3253
3208,3483,3253,827
3209,827,3475,109
3210,3483,3253,827
3211,2752,3025,181
3212,3475,827,1435
3213,827,3475,3253
3214,827,3475,3253
3215,1797,109,2752
3216,827,3475,3483
3217,827,3475,3253
3218,3483,1797,3253
3219,1797,109,3486
3220,827,3475,3472
3221,3025,2752,109
3222,3483,827,1797
3223,3483,3253,827
3224,3025,3472,2752
3225,1797,3486,3483
3226,3472,827,3025
3227,3475,827,1435
3228,3025,3472,2752
3229,1797,3483,109
3230,3025,3472,2752
3231,827,3475,3253
3232,109,2752,3025
3233,3472,1435,3475
3234,109,2752,3025
3235,3025,3472,2752
3236,827,3483,3475
3237,3025,2752,109
3238,827,3475,3472
3239,1797,3483,827
3240,3483,3253,827
3241,3483,3253,1797
3242,3025,2752,109
3243,1797,3483,3253
3244,827,3475,109
3245,827,3475,1435
3246,827,3475,3472
3247,827,3475,3483
3248,3483,3253,827
3249,2752,3025,109
3250,3472,3025,1435
3251,2752,3025,109
3252,181,3025,2752
3253,3483,3253,827
3254,827,3475,3472
3255,3025,2752,2315
3256,3483,827,3253
3257,827,3475,3483
3258,1797,109,2752
3259,827,3483,3475
3260,109,827,3475
3261,3025,2752,2315
3262,1797,3483,109
3263,1435,3475,827
3264,1797,3483,109
3265,3025,2752,2315
3266,3025,2752,109
3267,3483,827,3253
3268,1797,109,827
3269,827,3475,1400
3270,3025,3472,523
3271,3025,2752,2315
3272,3025,2752,2315
3273,3025,2752,2315
3274,827,3475,3472
3275,1797,109,2752
3276,3025,2752,2315
3277,1797,3483,3486
3278,3472,3025,1435
3279,3483,3253,827
3280,827,3475,3253
3281,827,3475,3253
3282,827,3475,3253
3283,827,3475,3253
3284,3025,3472,2752
3285,827,3475,3253
3286,1797,827,109
3287,3025,2752,109
3288,3025,2315,2752
3289,827,3483,3475
3290,3483,1797,3253
3291,3483,827,3253
3292,827,3475,3472
3293,827,3475,1435
3294,827,3472,3475
3295,827,3475,3472
3296,827,3475,3483
3297,3483,1797,3168
3298,3483,3253,827
3299,3472,1435,3025
3300,3025,2752,181
3301,827,3475,3253
3302,3025,2752,2315
3303,827,1797,109
3304,1797,3483,109
3305,3483,827,3253
3306,3025,2752,2315
3307,1797,109,2752
3308,1797,109,2752
3309,827,3472,3475
3310,3483,3253,827
3311,827,3475,1400
3312,3483,827,1797
3313,3483,1797,3253
3314,3483,827,3253
3315,3483,827,3253
3316,3025,2752,2315
3317,2752,3025,109
3318,3025,2752,2315
3319,3025,2752,109
3320,827,3475,1400
3321,3025,2752,2315
3322,3483,3253,827
3323,3475,1435,827
3324,3483,827,3253
3325,1797,3483,3168
3326,827,1797,3483
3327,109,3025,827
3328,3483,1797,3253
3329,1797,109,827
3330,3025,3472,2752
3331,827,109,3475
3332,827,3475,3483
3333,1797,109,3483
3334,3025,3472,2752
3335,827,3475,1435
3336,1797,109,827
3337,3472,1435,3475
3338,3025,2752,2315
3339,1797,3483,827
3340,3025,181,2752
3341,3483,827,3253
3342,827,3475,1435
3343,827,3475,3472
3344,827,3475,3483
3345,3025,2752,2315
3346,3472,827,3475
3347,1797,3483,827
3348,109,3025,2752
3349,3483,1797,3168
3350,827,3475,3253
3351,3025,2752,2315
3352,3483,827,3475
3353,109,1797,2752
3354,3472,3025,1435
3355,3025,3472,2752
3356,3025,2752,2315
3357,181,3025,2752
3358,109,827,1797
3359,1797,3483,3484
3360,827,3475,1400
3361,1797,3483,186
3362,3472,3025,1435
3363,1797,3486,109
3364,3472,1435,3475
3365,827,109,3025
3366,3483,3253,827
3367,1797,3483,3168
3368,1797,3483,3168
3369,3472,1435,3025
3370,3483,827,3253
3371,827,3475,3483
3372,1797,109,827
3373,827,3475,1400
3374,827,3475,3253
3375,109,827,1797
3376,3483,827,3253
3377,827,3475,3483
3378,827,3475,1435
3379,1797,2752,109
3380,3025,2752,109
3381,827,3475,1400
3382,109,2752,3025
3383,1797,3483,109
3384,3472,827,3475
3385,827,3475,3472
3386,3483,3253,3168
3387,1797,109,2752
3388,1797,3483,109
3389,827,3475,109
3390,3483,1797,827
3391,1797,3483,109
3392,3025,109,2752
3393,1797,109,3486
3394,1797,3483,109
3395,181,2752,3025
3396,3025,2752,2315
3397,1797,109,2752
3398,827,3475,1435
3399,3025,2752,2315
3400,1797,109,827
3401,109,1797,2752
3402,1797,3483,827
3403,109,1797,2752
3404,827,109,3475
3405,827,1797,109
3406,109,3025,827
3407,827,3475,1435
3408,1435,3475,827
3409,3025,2752,2315
3410,1797,181,2752
3411,1797,109,2752
3412,827,109,3025
3413,827,3483,3475
3414,3025,2752,2315
3415,827,3475,3253
3416,109,3025,827
3417,3472,3025,2752
3418,827,3475,3472
3419,2752,181,3025
3420,1797,109,3486
3421,3025,2752,109
3422,827,3472,3475
3423,1797,109,2752
3424,1797,827,3483
3425,1797,3483,827
3426,1797,827,109
3427,827,3475,1435
3428,181,2752,3025
3429,1797,109,3486
3430,1797,109,2752
3431,3025,2752,2315
3432,827,3475,1435
3433,827,3475,1797
3434,3483,3253,827
3435,3483,1797,3253
3436,3025,2752,109
3437,109,1797,2752
3438,3483,1797,3253
3439,3472,1435,3475
3440,1797,109,3483
3441,3483,3253,827
3442,827,3475,1435
3443,827,3475,3253
3444,827,3472,3475
3445,827,3475,3472
3446,827,3475,3483
3447,3025,2752,2315
3448,827,3475,3253
3449,3025,2752,2315
3450,827,109,3475
3451,3483,3253,827
3452,3472,1435,3025
3453,827,3475,3253
3454,1797,3483,827
3455,3483,3253,827
3456,3025,109,2752
3457,3025,2752,2315
3458,1797,109,3486
3459,3025,2752,2315
3460,2752,3025,109
3461,3483,3253,827
3462,827,109,3475
3463,3472,827,3475
3464,3483,3253,827
3465,3483,3253,1797
3466,827,3475,3472
3467,3025,2752,2315
3468,1797,109,3486
3469,1797,109,827
3470,3025,2752,2315
3471,3483,827,3253
3472,3483,3253,3168
3473,827,3475,3253
3474,3025,2752,2315
3475,827,3475,3483
3476,3483,1797,3253
3477,827,3475,3472
3478,3483,3253,827
3479,1797,3483,186
3480,827,3475,1400
3481,827,3475,3472
3482,1797,109,3486
3483,1797,109,3486
3484,1435,3472,3475
3485,1797,3483,109
3486,827,3475,3253
3487,1797,109,2752
3488,827,3475,3253
3489,827,3475,3253
3490,1797,3483,3486
3491,3025,2752,2315
3492,3025,2752,181
3493,827,3475,1435
3494,827,3475,3472
3495,827,3483,3475
3496,3483,1797,827
3497,3483,827,3253
3498,109,827,1797
3499,827,3475,1435
3500,3483,3253,827
3501,109,1797,827
3502,3472,827,3475
3503,109,3025,2752
3504,1797,3483,3168
3505,3025,2752,109
3506,1797,109,2752
3507,3472,1435,827
3508,2752,3025,109
3509,827,3475,3472
3510,109,3025,2752
3511,181,3025,2752
3512,827,3475,1435
3513,3025,2752,2315
3514,109,827,3025
3515,1797,109,827
3516,3025,2752,2315
3517,3025,2752,2315
3518,827,3475,109
3519,3472,827,3475
3520,3025,2752,2315
3521,3483,3253,827
3522,3483,3253,827
3523,3483,827,3253
3524,827,3475,109
3525,2752,3025,109
3526,1797,3483,186
3527,3483,3253,827
3528,3472,1435,3475
3529,827,3475,3472
3530,827,3475,3253
3531,3472,3025,1435
3532,3483,1797,3253
3533,3472,3025,827
3534,827,3475,3253
3535,1797,3483,109
3536,3025,2752,2315
3537,827,3475,1400
3538,3025,2752,2315
3539,827,3483,1797
3540,1797,827,109
3541,3483,3253,827
3542,3483,3253,827
3543,109,2752,1797
3544,827,3475,3253
3545,827,3475,3472
3546,3472,3025,1435
3547,109,2752,1797
3548,3483,1797,3253
3549,3483,3253,1797
3550,827,3475,109
3551,827,3475,1797
3552,827,3475,3253
3553,3483,3253,827
3554,3472,1435,3025
3555,3025,2752,2315
3556,3483,3253,3168
3557,3472,827,3475
3558,3483,827,3253
3559,3025,2752,2315
3560,3475,827,1435
3561,1797,3483,3168
3562,827,3475,1400
3563,827,3475,1400
3564,827,3475,1797
3565,3025,2752,109
3566,1797,3486,109
3567,1797,181,3486
3568,3483,3253,3168
3569,3025,3472,523
3570,827,3475,1400
3571,3483,1797,3253
3572,1797,3486,109
3573,1797,827,3483
3574,1797,109,2752
3575,3025,2752,3472
3576,827,3475,3253
3577,827,3483,3475
3578,2752,181,1797
3579,3472,1435,3475
3580,3025,2752,2315
3581,1797,3483,109
3582,3483,3253,827
3583,109,827,3475
3584,1797,181,3486
3585,3483,1797,827
3586,2752,3025,109
3587,1797,3483,109
3588,827,3475,3253
3589,3472,827,3475
3590,3025,2752,2315
3591,3472,827,3475
3592,3025,109,2752
3593,3483,827,3253
3594,109,1797,2752
3595,827,3475,1435
3596,827,3475,3472
3597,827,3475,1435
3598,3483,3253,827
3599,109,827,1797
3600,3483,3253,827
3601,3475,1435,827
3602,3483,827,3253
3603,3483,1797,3253
3604,1797,109,3486
3605,827,1797,109
3606,3483,1797,3253
3607,1797,109,2752
3608,1797,3486,109
3609,3483,827,3253
3610,3475,827,1435
3611,3472,827,3025
3612,1797,3483,109
3613,827,3475,1435
3614,827,3475,1400
3615,3483,3253,3168
3616,3483,827,1797
3617,109,2752,1797
3618,109,1797,827
3619,3025,2752,109
3620,3483,3253,827
3621,827,3475,3472
3622,181,3025,2752
3623,3483,1797,3253
3624,3472,3025,2752
3625,3483,1797,3253
3626,3483,3253,827
3627,827,3475,3253
3628,1797,109,3483
3629,109,3025,2752
3630,3472,3025,1435
3631,109,2752,3025
3632,827,3475,3472
3633,109,1797,2752
3634,827,3475,1435
3635,3472,1435,827
3636,1797,3483,109
3637,1797,109,3486
3638,3483,1797,3253
3639,3472,1435,3025
3640,3472,1435,3475
3641,1797,3483,3486
3642,827,3475,3483
3643,3472,1435,3025
3644,827,1797,3475
3645,827,3475,3253
3646,109,3025,2752
3647,1797,3483,186
3648,1797,3483,186
3649,3483,827,3253
3650,827,3475,3253
3651,3483,3253,827
3652,181,2752,3025
3653,827,3472,3475
3654,3472,3025,523
3655,1797,109,827
3656,3483,3253,827
3657,827,3475,3472
3658,827,3475,1435
3659,827,3475,1435
3660,3472,1435,1044
3661,827,3475,3253
3662,3025,109,2752
3663,3025,109,2752
3664,3483,3253,827
3665,1797,3483,3253
3666,1797,827,109
3667,1797,109,3486
3668,3472,3025,1435
3669,3025,3472,109
3670,3472,3025,1435
3671,3483,1797,3168
3672,1797,109,3486
3673,3025,2752,2315
3674,3025,2752,2315
3675,3025,3472,2752
3676,1797,827,109
3677,3025,2752,109
3678,3483,3253,1797
3679,109,3025,2752
3680,827,3475,3483
3681,1797,3483,3168
3682,827,3475,1435
3683,827,3475,1435
3684,1797,109,3486
3685,827,109,3475
3686,827,3475,3472
3687,1797,109,3486
3688,3483,3253,827
3689,1797,3483,109
3690,827,3475,3253
3691,109,827,1797
3692,3475,827,1435
3693,2752,1797,109
3694,3483,3253,3168
3695,827,3475,3472
3696,3025,3472,2752
3697,1797,109,3483
3698,827,3475,1435
3699,3472,827,3025
3700,827,3475,3472
3701,827,3483,3475
3702,3472,3025,1435
3703,1797,109,3486
3704,3472,1435,3475
3705,1797,3483,109
3706,827,3475,109
3707,3483,3253,827
3708,3483,827,1797
3709,827,3475,109
3710,3483,3253,827
3711,827,3475,1435
3712,1797,3483,3168
3713,109,1797,2752
3714,3483,1797,3253
3715,3483,3253,827
3716,3483,3253,827
3717,3483,3253,827
3718,3025,2752,109
3719,3472,1435,3475
3720,827,3483,1797
3721,3483,3253,827
3722,827,3475,1400
3723,827,3475,3483
3724,109,3025,2752
3725,3472,3025,523
3726,827,3475,3472
3727,109,827,3025
3728,109,3025,2752
3729,3025,2752,3472
3730,3025,109,2752
3731,3483,1797,3253
3732,3025,2315,2752
3733,3483,1797,3253
3734,1797,109,2752
3735,827,3475,3253
3736,3025,2752,3472
3737,3025,2752,2315
3738,181,2752,2315
3739,827,3475,3253
3740,827,3475,3483
3741,3025,2752,2315
3742,3472,1435,3475
3743,827,3475,3472
3744,1797,109,2752
3745,3483,1797,3253
3746,827,3475,1435
3747,3025,109,2752
3748,3472,827,3475
3749,109,1797,2752
3750,3472,827,3475
3751,3025,3472,2752
3752,1797,3483,109
3753,2752,1797,3025
3754,827,3475,3472
3755,1797,109,3486
3756,3025,2752,2315
3757,3483,1797,3253
3758,827,3475,3253
3759,827,3475,3253
3760,1797,109,2752
3761,3025,2752,109
3762,3483,827,3253
3763,3025,2752,109
3764,3025,2315,2752
3765,3483,827,3253
3766,3483,3253,827
3767,3483,827,3475
3768,3483,3253,827
3769,3472,3025,523
3770,3483,1797,3253
3771,827,3475,109
3772,1797,3483,827
3773,1797,827,3483
3774,3483,1797,3253
3775,1797,109,2752
3776,109,827,3475
3777,3025,3472,2752
3778,3025,2752,2315
3779,3483,3253,827
3780,3472,3025,523
3781,3483,1797,3253
3782,3483,3253,827
3783,827,3475,3253
3784,827,3475,3483
3785,827,3475,3253
3786,3025,2752,2315
3787,827,3475,1400
3788,3483,3253,827
3789,827,3475,1400
3790,3472,3025,2752
3791,827,3475,3253
3792,1797,3483,186
3793,3483,3253,827
3794,3483,827,3475
3795,3483,3253,3168
3796,827,3475,3253
3797,827,3475,109
3798,1797,3483,3486
3799,3025,3472,2752
3800,3483,3253,1797
3801,3483,1797,3168
3802,3483,1797,827
3803,827,3475,3472
3804,3483,827,3253
3805,1797,3483,3168
3806,827,3475,3253
3807,3483,1797,827
3808,827,3475,3472
3809,3472,1435,3025
3810,3025,2752,2315
3811,109,3025,2752
3812,1797,3486,3483
3813,1797,3483,3484
3814,1797,109,2752
3815,827,3475,3472
3816,827,109,1797
3817,1797,109,2752
3818,3472,1435,827
3819,1797,109,827
3820,827,109,3475
3821,3025,2752,109
3822,827,3475,3472
3823,3025,181,2752
3824,1797,109,2752
3825,3472,827,3475
3826,3025,2752,109
3827,181,2752,1797
3828,1797,109,3483
3829,827,3475,1400
3830,827,3475,3472
3831,1797,3483,3168
3832,109,3025,2752
3833,827,3475,3253
3834,1797,109,3486
3835,3025,2752,109
3836,827,3475,3472
3837,3483,1797,827
3838,3025,2752,2315
3839,3025,2752,2315
3840,827,3475,1435
3841,1797,109,3483
3842,827,3475,3253
3843,3472,827,3475
3844,827,3475,3472
3845,109,827,3025
3846,1797,109,3486
3847,3472,3025,1435
3848,1797,109,3486
3849,3025,2752,2315
3850,3483,1797,3168
3851,3472,3025,827
3852,827,3475,1797
3853,1797,3483,109
3854,1797,109,3486
3855,1797,109,2752
3856,1797,3483,186
3857,3472,1435,827
3858,827,3475,3253
3859,827,3472,3475
3860,3025,2752,2315
3861,3483,3253,3168
3862,3025,2752,109
3863,3025,3472,2752
3864,827,3475,3253
3865,3025,3472,2752
3866,3483,1797,827
3867,3483,3253,3168
3868,2752,1797,181
3869,3483,3253,827
3870,3025,2752,2315
3871,3025,3472,2315
3872,3472,3025,1435
3873,1797,3483,109
3874,1797,109,2752
3875,827,3483,3475
3876,1797,827,3483
3877,827,3475,3253
3878,3483,827,3253
3879,3483,827,3253
3880,827,3475,3472
3881,3025,2752,181
3882,3483,827,3253
3883,3025,3472,2752
3884,181,2752,3025
3885,1797,109,3486
3886,3475,827,1435
3887,827,3475,1435
3888,3025,2752,2315
3889,827,3475,1435
3890,827,3475,3253
3891,1797,109,3483
3892,827,3475,109
3893,827,3475,3253
3894,1797,109,2752
3895,3025,2752,3472
3896,1797,109,2752
3897,827,3025,3472
3898,827,3475,3472
3899,1797,109,827
3900,1797,109,3486
3901,827,3475,109
3902,827,3475,3253
3903,827,3475,1435
3904,1797,3483,109
3905,827,3475,3253
3906,3483,3253,827
3907,1797,109,2752
3908,3025,2752,109
3909,3483,1797,3253
3910,3483,1797,3253
3911,3025,109,2752
3912,3472,3025,1435
3913,827,109,3475
3914,3025,2752,2315
3915,827,3475,3483
3916,3483,3253,827
3917,3472,3025,2752
3918,827,3475,3253
3919,1797,109,827
3920,1797,109,3486
3921,827,3475,3253
3922,3025,3472,2752
3923,1797,3483,827
3924,827,3475,1400
3925,827,3475,3472
3926,827,3475,3253
3927,1797,109,3486
3928,827,3475,3483
3929,3483,1797,3168
3930,827,3475,109
3931,1797,109,2752
3932,827,3475,109
3933,3025,3472,2752
3934,3483,827,3253
3935,3472,1435,827
3936,827,3475,3472
3937,109,3025,2752
3938,827,3475,3253
3939,109,3025,2752
3940,827,3475,1400
3941,109,1797,2752
3942,827,3472,3475
3943,827,3475,3483
3944,1797,827,109
3945,827,3475,3472
3946,1797,109,2752
3947,3025,3472,2752
3948,1797,3483,827
3949,827,3475,109
3950,1797,109,181
3951,827,3483,3475
3952,3025,2752,109
3953,827,3475,3253
3954,827,3475,3253
3955,109,2752,3025
3956,109,1797,2752
3957,827,3475,1435
3958,3025,2752,2315
3959,1797,181,3486
3960,1797,109,3486
3961,3483,1797,3168
3962,3025,2752,109
3963,1797,3483,109
3964,1797,109,3486
3965,2752,3025,2315
3966,3025,2752,109
3967,3472,1435,3475
3968,827,3475,1400
3969,1797,3486,109
3970,2752,3025,109
3971,1797,3483,827
3972,3025,2752,109
3973,827,3475,109
3974,827,3475,3253
3975,109,827,3025
3976,1797,827,109
3977,3483,3253,827
3978,3483,1797,3253
3979,1797,181,3486
3980,2752,3025,109
3981,1797,2752,109
3982,3483,3253,827
3983,3025,3472,109
3984,3483,3253,827
3985,3483,1797,3253
3986,3472,3025,1435
3987,827,3475,1435
3988,827,3475,3472
3989,827,3472,3475
3990,3025,2752,2315
3991,3472,1435,3025
3992,1797,827,109
3993,827,3475,3253
3994,827,3475,3253
3995,1435,3472,3475
3996,3472,827,3475
3997,827,3475,3483
3998,827,1797,3475
3999,3483,827,3253
4000,827,3483,1797
4001,1797,3483,3486
4002,1797,3483,109
4003,3472,827,3475
4004,3025,3472,2752
4005,827,109,1797
4006,1797,3483,827
4007,3025,2752,181
4008,109,2752,3025
4009,3483,3253,827
4010,1435,3475,827
4011,827,3483,3475
4012,3025,2752,109
4013,1797,3486,109
4014,3025,3472,109
4015,1797,181,109
4016,3483,3253,827
4017,3025,3472,2752
4018,3025,2752,2315
4019,1797,3483,109
4020,827,3475,1797
4021,1797,109,3486
4022,827,3472,3475
4023,3483,827,3475
4024,3025,2752,2315
4025,3483,1797,3168
4026,827,3475,3253
4027,827,3475,3483
4028,109,3025,2752
4029,3483,1797,3168
4030,1797,3483,827
4031,109,3025,2752
4032,3025,2752,2315
4033,3483,1797,3253
4034,1797,3486,109
4035,2752,109,3025
4036,3472,3025,1435
4037,3475,827,3253
4038,1797,109,2752
4039,1797,109,3483
4040,109,1797,2752
4041,1797,109,3486
4042,3483,3253,827
4043,3483,3253,827
4044,3025,3472,523
4045,3025,2752,2315
4046,827,3475,1435
4047,3025,3472,2752
4048,3483,3253,827
4049,3025,2752,109
4050,3025,3472,109
4051,3025,109,2752
4052,3472,1435,3475
4053,3472,827,3475
4054,827,3475,3472
4055,827,3475,3472
4056,3025,2752,109
4057,827,3475,1400
4058,3483,1797,3253
4059,3025,2752,109
4060,1797,3483,3484
4061,1797,109,3486
4062,827,3475,3253
4063,827,3475,3253
4064,3472,3025,2752
4065,3475,827,1435
4066,827,3475,3472
4067,3025,2752,109
4068,3483,1797,3168
4069,827,3475,3472
4070,3025,2752,109
4071,3025,2752,2315
4072,1797,109,3486
4073,1797,3483,827
4074,3025,2752,2315
4075,827,3475,3253
4076,827,3475,3253
4077,827,3472,3025
4078,827,3475,1400
4079,109,2752,3025
4080,827,3475,3253
4081,827,3475,3253
4082,109,827,1797
4083,3025,2752,2315
4084,3472,1435,3475
4085,827,3475,3472
4086,827,3475,3253
4087,827,3475,1435
4088,3472,1435,3025
4089,1797,2752,109
4090,181,2752,3025
4091,3472,1435,827
4092,3025,2752,2315
4093,3483,827,3253
4094,1797,109,3483
4095,109,1797,827
4096,3025,2752,2315
4097,3025,3472,2752
4098,827,3475,1435
4099,3475,827,1435
4100,827,3475,3253
4101,3025,2752,2315
4102,3472,827,3475
4103,3472,3025,827
4104,827,3475,109
4105,827,3475,3483
4106,1797,3483,109
4107,3025,2752,2315
4108,3025,3472,2752
4109,3025,2752,2315
4110,1797,181,3486
4111,3025,2752,109
4112,1797,109,827
4113,1797,109,3486
4114,3483,827,3475
4115,1797,827,3483
4116,827,109,1797
4117,3483,3253,827
4118,3483,827,3253
4119,1797,109,3486
4120,3025,2752,181
4121,3025,2752,2315
4122,827,3475,3253
4123,1797,109,2752
4124,1797,109,3486
4125,3483,1797,3168
4126,3483,3253,827
4127,3025,2752,2315
4128,3025,3472,2752
4129,827,3475,1435
4130,3025,2752,3472
4131,3025,3472,2752
4132,1797,109,2752
4133,1797,3486,3483
4134,3025,2752,2315
4135,827,3475,3253
4136,827,3475,1435
4137,3253,3483,827
4138,3025,2752,2315
4139,3025,2752,2315
4140,3483,1797,3253
4141,827,3475,109
4142,1797,3483,827
4143,3483,827,3253
4144,3025,2752,2315
4145,1797,3483,3168
4146,827,3475,3253
4147,827,3472,3025
4148,1797,3483,827
4149,827,3483,3475
4150,1797,109,3486
4151,827,109,3475
4152,3475,827,3253
4153,3025,2752,2315
4154,3483,827,3475
4155,827,109,3475
4156,1797,109,2752
4157,1797,2752,181
4158,3025,2752,2315
4159,827,3475,3472
4160,109,3025,2752
4161,827,3475,3483
4162,1797,3483,109
4163,3025,3472,2752
4164,827,3475,109
4165,3025,2752,2315
4166,1797,3483,3484
4167,827,3475,3253
4168,3483,827,1797
4169,827,3475,3483
4170,1797,3483,109
4171,1797,2752,109
4172,109,3025,2752
4173,3483,3253,827
4174,1797,3483,827
4175,827,3475,3483
4176,109,2752,3025
4177,3475,827,1435
4178,827,3475,3472
4179,3025,3472,2752
4180,827,3475,3483
4181,827,3475,1435
4182,1797,109,2752
4183,3025,2752,109
4184,1797,827,109
4185,3472,1435,3475
4186,1797,109,181
4187,1797,109,3486
4188,1797,109,3486
4189,827,3475,3483
4190,827,3475,1400
4191,827,3472,3475
4192,3025,2752,109
4193,3483,1797,3168
4194,827,3483,3253
4195,3025,3472,523
4196,1797,3483,3168
4197,109,827,3025
4198,1797,3486,109
4199,2752,3025,2315
4200,827,3475,3483
4201,827,3475,3472
4202,827,3475,3253
4203,827,109,1797
4204,1797,3483,109
4205,3025,2752,2315
4206,827,3475,1400
4207,3025,3472,2752
4208,1797,827,3483
4209,3483,3253,827
4210,3472,1435,3025
4211,1797,3483,3486
4212,827,3475,3253
4213,1797,109,3486
4214,1797,109,3486
4215,1797,3483,827
4216,3483,3253,3168
4217,3025,2752,109
4218,827,3475,1435
4219,1797,109,3486
4220,3483,3253,827
4221,3483,3253,827
4222,3025,2752,2315
4223,3483,3253,827
4224,827,3475,3472
4225,1797,2752,109
4226,3025,2752,3472
4227,3483,3253,3168
4228,1797,109,2752
4229,3025,109,2752
4230,3472,1435,3025
4231,827,3475,109
4232,181,2752,2315
4233,827,3483,3475
4234,3483,827,3253
4235,3472,827,3025
4236,1797,3483,186
4237,3025,2752,109
4238,1797,109,827
4239,827,3475,1435
4240,1797,3483,827
4241,109,2752,3025
4242,181,1797,2752
4243,827,109,3475
4244,827,3475,1435
4245,109,1797,2752
4246,3472,1435,3025
4247,3472,3025,523
4248,3483,3253,827
4249,3483,1797,3253
4250,3025,2752,2315
4251,2752,181,3025
4252,3472,1435,3025
4253,3025,109,2752
4254,1797,3483,3486
4255,827,3475,3253
4256,1797,3483,186
4257,1797,109,2752
4258,1797,109,827
4259,109,1797,827
4260,827,3475,1400
4261,827,3475,3253
4262,1797,109,2752
4263,1797,109,827
4264,3483,3253,827
4265,1797,3483,109
4266,3025,2752,2315
4267,1797,2752,181
4268,1797,109,2752
4269,1797,3483,109
4270,1797,3483,3486
4271,827,3475,3472
4272,1797,109,827
4273,827,3475,3253
4274,1797,3483,3486
4275,3483,3253,3168
4276,827,3475,1797
4277,3483,1797,3253
4278,3483,3253,827
4279,827,3475,109
4280,3025,181,2752
4281,3472,3025,2752
4282,109,827,3025
4283,3025,2752,2315
4284,3483,827,3253
4285,3483,3253,827
4286,3472,3025,827
4287,1797,109,2752
4288,1797,109,3483
4289,3025,2752,109
4290,1797,109,3486
4291,3483,827,1797
4292,109,827,1797
4293,3483,3253,827
4294,827,3475,3253
4295,827,3475,3472
4296,827,3472,3475
4297,3483,3253,3168
4298,827,3475,3472
4299,3472,1435,3025
4300,827,3475,1435
4301,109,1797,2752
4302,3472,3025,523
4303,3475,827,1435
4304,3483,3253,827
4305,109,1797,827
4306,3472,1435,3025
4307,1797,109,3486
4308,3025,2752,109
4309,3025,2752,2315
4310,827,3475,1435
4311,1797,3483,3486
4312,1797,181,109
4313,3025,2752,2315
4314,1797,109,3486
4315,3472,3025,2752
4316,3483,827,3253
4317,3025,2752,3472
4318,827,3475,3472
4319,3472,3025,2752
4320,827,3475,3253
4321,3483,3253,827
4322,3483,1797,3168
4323,3483,1797,3168
4324,3025,109,2752
4325,827,3483,3475
4326,1797,109,3486
4327,1797,109,3486
4328,2752,181,1797
4329,3483,827,3253
4330,3025,2752,2315
4331,3475,827,1435
4332,1797,109,3486
4333,3483,3253,827
4334,3483,3253,827
4335,3025,2752,109
4336,827,3475,109
4337,827,3483,3475
4338,1797,109,3486
4339,1797,3483,109
4340,1797,3483,3486
4341,1797,109,2752
4342,3475,827,1435
4343,3472,3025,523
4344,3025,2752,2315
4345,3025,2752,2315
4346,1797,3483,109
4347,1797,3483,827
4348,109,827,3025
4349,1797,109,3486
4350,1797,181,3486
4351,3483,1797,3168
4352,3025,2752,109
4353,3483,827,3253
4354,3472,3025,2752
4355,827,3475,1435
4356,1797,109,3483
4357,827,3483,3475
4358,827,3475,1400
4359,1797,109,3486
4360,1797,3483,3168
4361,1797,109,2752
4362,3483,827,1797
4363,3483,3253,827
4364,3483,1797,3253
4365,1797,3483,109
4366,827,3475,1435
4367,3025,2752,2315
4368,109,1797,2752
4369,1797,181,3486
4370,3472,827,3025
4371,3472,827,3025
4372,1797,3483,3486
4373,3472,1435,3475
4374,3472,1435,3475
4375,827,3475,1435
4376,3472,827,3475
4377,1797,109,3483
4378,1797,109,2752
4379,827,3475,3472
4380,3472,3025,827
4381,109,1797,2752
4382,3472,3025,1435
4383,827,3475,3483
4384,3025,109,2752
4385,3025,2752,2315
4386,827,3475,1435
4387,827,3475,109
4388,3483,1797,827
4389,827,3475,3472
4390,3025,2752,109
4391,3025,109,827
4392,827,3475,1797
4393,3472,1435,3025
4394,3483,3253,827
4395,1797,3486,109
4396,1797,3483,827
4397,827,3253,3475
4398,1797,109,2752
4399,3025,3472,109
4400,3472,1435,827
4401,827,3472,3475
4402,1797,109,827
4403,3483,1797,827
4404,3475,827,1435
4405,3472,1435,3475
4406,827,3475,3472
4407,827,3475,3253
4408,827,3475,1435
4409,1797,3483,3486
4410,1797,109,2752
4411,3483,3253,827
4412,1797,827,3483
4413,3472,3025,1435
4414,1797,109,2752
4415,3025,3472,2752
4416,3483,3253,827
4417,3483,1797,3168
4418,827,3475,1435
4419,3483,3253,827
4420,3483,827,3475
4421,3025,2752,2315
4422,3472,3025,1435
4423,1797,3483,3168
4424,827,3475,3472
4425,827,109,3475
4426,1797,3483,186
4427,827,3475,1400
4428,1797,827,109
4429,3472,3025,827
4430,827,1797,3475
4431,827,3475,3253
4432,3483,3253,827
4433,827,3475,3253
4434,1797,827,3483
4435,109,827,1797
4436,3025,109,2752
4437,827,3475,1797
4438,3025,2752,2315
4439,827,3483,3475
4440,3025,3472,2752
4441,3025,2315,2752
4442,827,3483,3475
4443,3472,1435,827
4444,3025,2752,2315
4445,1797,3486,109
4446,3483,3253,827
4447,109,1797,827
4448,827,3475,1435
4449,3025,2752,2315
4450,3483,3253,1797
4451,3483,827,3253
4452,1797,109,2752
4453,1797,109,827
4454,3483,3253,827
4455,3483,827,3253
4456,3483,1797,827
4457,3472,1435,827
4458,1797,3483,109
4459,3483,1797,3168
4460,1797,109,3486
4461,827,3475,3253
4462,3483,3253,3168
4463,827,3472,3475
4464,1797,3486,109
4465,3483,827,3253
4466,3483,827,3475
4467,3025,2752,109
4468,2752,1797,109
4469,2752,1797,109
4470,109,1797,2752
4471,1797,109,3486
4472,3483,3253,827
4473,3483,3253,827
4474,181,2752,3025
4475,2752,3025,2315
4476,827,3475,3483
4477,109,1797,2752
4478,827,3475,3253
4479,1797,109,2752
4480,3475,827,1435
4481,827,3475,3253
4482,3472,3025,2752
4483,109,827,3025
4484,3483,827,3253
4485,3483,3253,827
4486,1797,827,3483
4487,109,1797,2752
4488,3472,827,3475
4489,827,3483,3475
4490,109,2752,3025
4491,3025,3472,523
4492,3472,3025,1435
4493,1435,3472,3475
4494,3483,3253,827
4495,827,109,3475
4496,3472,3025,1435
4497,109,827,3025
4498,1797,109,3486
4499,3472,827,3475
4500,827,3475,3253
4501,827,3475,3253
4502,3483,827,3253
4503,1797,109,2752
4504,1797,109,2752
4505,1797,109,2752
4506,181,2752,1797
4507,1797,3483,109
4508,3483,827,3253
4509,3025,2752,2315
4510,109,827,1797
4511,3472,1435,827
4512,827,3475,1400
4513,827,3475,3472
4514,1797,109,2752
4515,3025,2752,2315
4516,3025,2752,109
4517,827,3475,3253
4518,3025,2752,2315
4519,827,3475,3253
4520,3025,3472,2315
4521,1797,3483,3168
4522,3025,2752,109
4523,827,3475,3253
4524,1797,109,2752
4525,3483,3253,827
4526,827,3475,1400
4527,1797,3486,109
4528,827,3475,1400
4529,3025,2752,2315
4530,3472,3025,827
4531,827,3475,3253
4532,827,3475,3253
4533,3025,2752,2315
4534,827,3475,3472
4535,827,3475,3253
4536,3483,827,1797
4537,3475,827,1435
4538,3472,1435,3475
4539,827,3475,3472
4540,827,3475,3472
4541,1797,3483,3168
4542,2752,3025,2315
4543,3025,2752,109
4544,827,3475,3253
4545,3025,2315,2752
4546,827,3483,3475
4547,3025,2752,2315
4548,827,3475,3253
4549,827,3483,3475
4550,3025,3472,2752
4551,1797,109,2752
4552,3025,2752,109
4553,827,3475,3472
4554,2752,3025,109
4555,1797,3483,3486
4556,827,3475,3472
4557,827,3475,3472
4558,3483,3253,1797
4559,827,3475,3253
4560,3483,827,3475
4561,3483,3253,827
4562,3483,1797,3253
4563,3483,3253,827
4564,1797,181,3486
4565,827,3475,1435
4566,827,3475,3253
4567,3483,827,3253
4568,827,3475,3472
4569,827,3475,3253
4570,3483,3253,827
4571,827,3475,3253
4572,3483,827,3475
4573,1797,3483,109
4574,1797,109,2752
4575,827,3475,3483
4576,181,1797,2752
4577,3025,2752,2315
4578,3483,3253,827
4579,3483,1797,3253
4580,1435,3475,827
4581,3483,1797,3253
4582,3472,3025,827
4583,1797,109,3486
4584,3025,3472,2752
4585,827,3475,1400
4586,827,3475,3483
4587,1797,109,2752
4588,1797,3483,109
4589,827,3475,3253
4590,827,3475,3472
4591,3025,2752,2315
4592,3475,827,1435
4593,3025,2752,2315
4594,3483,1797,3253
4595,3472,827,1435
4596,3483,1797,827
4597,1797,3486,3483
4598,3483,1797,3168
4599,827,3475,3253
4600,109,2752,3025
4601,3483,1797,827
4602,3483,827,3253
4603,827,3475,3253
4604,3483,3253,3168
4605,827,3472,3025
4606,1797,181,3486
4607,3472,827,3025
4608,827,3475,3483
4609,1797,3483,3168
4610,3025,2752,2315
4611,3025,2752,2315
4612,827,3475,3253
4613,827,3475,1435
4614,3483,3253,827
4615,3025,3472,2752
4616,3472,1435,827
4617,3483,827,3253
4618,827,3475,1400
4619,3472,827,1435
4620,827,3475,3472
4621,827,3475,1400
4622,3025,2315,2752
4623,3025,2752,2315
4624,827,3475,109
4625,1797,109,2752
4626,1797,109,827
4627,1797,109,3483
4628,827,3475,3253
4629,1435,3475,827
4630,827,3475,3483
4631,3472,1435,3025
4632,827,3475,3253
4633,3483,1797,3168
4634,3025,2752,109
4635,1435,3475,827
4636,3025,2752,2315
4637,1797,3483,186
4638,3472,1435,827
4639,827,3475,3253
4640,3483,1797,3168
4641,827,3475,3472
4642,3475,827,1435
4643,3025,2752,2315
4644,827,3472,3475
4645,3483,3253,827
4646,827,3475,3472
4647,827,3475,1435
4648,3483,3253,1797
4649,1797,827,109
4650,827,3475,3253
4651,1797,3483,3168
4652,827,3475,109
4653,827,3475,1435
4654,3025,2752,2315
4655,1797,109,3483
4656,3025,109,2752
4657,827,3475,3472
4658,2752,3025,109
4659,3472,3025,1435
4660,3025,3472,2752
4661,3475,827,1435
4662,3483,827,1797
4663,827,3475,3483
4664,3025,2752,109
4665,3025,2752,2315
4666,3472,1435,3025
4667,2752,109,3025
4668,827,3475,3472
4669,109,1797,2752
4670,827,3475,3253
4671,1797,3483,827
4672,827,3475,109
4673,3472,827,3475
4674,3025,3472,2752
4675,3472,1435,827
4676,3025,109,2752
4677,3472,1435,3025
4678,3483,827,3475
4679,1797,827,3483
4680,3025,2752,109
4681,1797,109,3486
4682,109,2752,1797
4683,109,1797,827
4684,1797,3483,109
4685,1797,3483,827
4686,109,3025,2752
4687,827,3475,1797
4688,827,3475,1797
4689,827,3475,1797
4690,3483,827,3253
4691,827,3475,1400
4692,3483,1797,3253
4693,3483,3253,827
4694,827,3475,3472
4695,827,3475,3253
4696,1797,109,827
4697,827,3475,1435
4698,3483,3253,827
4699,3025,2752,2315
4700,1797,3483,827
4701,3025,2752,109
4702,3025,2752,109
4703,3483,1797,3168
4704,3483,3253,827
4705,3025,2752,109
4706,3483,827,3253
4707,3025,3472,2752
4708,3483,827,3475
4709,827,3475,3472
4710,827,3475,671
4711,109,1797,827
4712,1797,181,2752
4713,1797,109,827
4714,1797,109,2752
4715,827,3483,3475
4716,827,3475,3253
4717,827,3472,3475
4718,3025,2752,2315
4719,3472,1435,827
4720,3483,3253,827
4721,1797,109,3486
4722,827,3475,109
4723,3472,3025,1435
4724,827,3475,3472
4725,3483,1797,3253
4726,3472,3025,2752
4727,3483,3253,827
4728,3483,3253,3168
4729,827,3475,109
4730,3483,3253,827
4731,827,3475,3253
4732,827,3475,3472
4733,3025,2752,2315
4734,3025,109,2752
4735,109,3025,2752
4736,1797,3483,186
4737,3483,1797,3253
4738,827,3475,3253
4739,827,3475,1400
4740,827,3475,1400
4741,3472,3025,523
4742,3472,3025,827
4743,3025,2752,2315
4744,3025,2752,2315
4745,3025,2752,2315
4746,2752,3025,2315
4747,827,3475,3483
4748,3025,2752,2315
4749,1797,3483,3168
4750,1797,3483,3168
4751,3483,827,3253
4752,1797,3483,827
4753,3483,3253,827
4754,1797,109,2752
4755,3475,1435,827
4756,3472,3025,827
4757,1797,109,2752
4758,827,3475,3472
4759,1797,3483,109
4760,827,3475,1797
4761,827,3475,1435
4762,3483,1797,3168
4763,1797,109,827
4764,3472,3025,827
4765,3483,1797,3253
4766,827,3475,3253
4767,1797,181,2752
4768,3472,1435,3475
4769,2752,3025,109
4770,1797,109,2752
4771,827,3475,109
4772,3025,2752,2315
4773,3025,2752,2315
4774,3483,827,3475
4775,827,3475,3253
4776,3472,1435,3475
4777,3025,2752,181
4778,827,3475,3253
4779,827,3475,3472
4780,3025,2752,2315
4781,1797,109,3486
4782,827,3475,3483
4783,3483,3253,827
4784,3483,3253,3168
4785,1797,109,827
4786,827,3475,1400
4787,827,3475,3253
4788,1797,3483,3168
4789,827,3475,3472
4790,1797,3483,109
4791,827,3475,109
4792,827,3475,1400
4793,109,3025,2752
4794,1797,109,3483
4795,109,827,1797
4796,3483,3253,827
4797,3472,1435,3475
4798,827,3475,3472
4799,3025,3472,2752
4800,827,3475,1797
4801,3472,3025,1435
4802,827,3475,3253
4803,3483,1797,3168
4804,827,3475,109
4805,1797,109,2752
4806,3472,827,3475
4807,827,3475,3253
4808,3483,3253,3168
4809,3472,3025,1435
4810,3472,1435,3025
4811,3025,2752,2315
4812,2752,3025,2315
4813,3483,3253,3168
4814,1797,109,2752
4815,3472,3025,1435
4816,827,3475,1435
4817,827,3475,109
4818,109,3025,2752
4819,109,1797,2752
4820,3483,827,3253
4821,3483,3253,1797
4822,827,3475,1400
4823,3025,2752,2315
4824,3483,1797,3168
4825,3483,3253,827
4826,827,3475,1435
4827,827,3475,1435
4828,109,2752,3025
4829,3483,3253,1797
4830,3472,3025,523
4831,109,1797,2752
4832,3483,3253,827
4833,827,3475,3253
4834,3025,2752,2315
4835,3025,2752,2315
4836,3472,1435,3025
4837,3472,3025,523
4838,3472,3025,1435
4839,3025,2752,2315
4840,1797,3483,109
4841,2752,3025,109
4842,3025,2752,109
4843,1797,3483,827
4844,3472,1435,3475
4845,827,3483,3475
4846,3483,3253,827
4847,1797,109,2752
4848,827,3475,3483
4849,109,2752,3025
4850,3025,2752,2315
4851,3483,1797,3253
4852,827,3475,3253
4853,109,827,3025
4854,827,3475,3472
4855,181,1797,2752
4856,3483,3253,827
4857,827,3475,1400
4858,3472,827,3475
4859,1797,109,2752
4860,1797,2752,181
4861,1797,181,2752
4862,827,3475,3472
4863,3483,3253,827
4864,1797,109,2752
4865,827,3483,3475
4866,827,3483,3475
4867,827,3472,3475
4868,1797,3483,3168
4869,3025,2752,2315
4870,1797,109,2752
4871,3472,1435,3025
4872,3472,1435,3475
4873,3025,2752,2315
4874,109,3025,2752
4875,3483,1797,3253
4876,1797,109,181
4877,3483,3253,827
4878,3475,827,1435
4879,1797,109,827
4880,827,3475,1435
4881,109,827,1797
4882,3025,2752,2315
4883,3483,3253,827
4884,3483,827,3253
4885,3025,2752,109
4886,3025,3472,109
4887,827,3483,3475
4888,109,2752,1797
4889,1797,109,2752
4890,2752,3025,109
4891,3025,2752,2315
4892,109,3025,827
4893,3483,3253,827
4894,3472,3025,1435
4895,3025,3472,2752
4896,3483,3253,3168
4897,3483,1797,3253
4898,3483,3168,1797
4899,3025,2315,2752
4900,3025,2752,109
4901,827,3475,3483
4902,827,3475,3472
4903,1797,109,827
4904,827,3475,109
4905,3025,2752,2315
4906,1435,3475,827
4907,3025,2752,109
4908,827,3475,3253
4909,181,3025,2315
4910,3483,1797,3253
4911,1797,181,3486
4912,3025,2752,2315
4913,3025,2752,2315
4914,3025,3472,2752
4915,1797,2752,109
4916,3483,3253,827
4917,3025,2752,109
4918,1797,3483,3486
4919,3483,1797,3253
4920,3025,3472,523
4921,1797,109,3486
4922,3475,827,1435
4923,827,3475,3472
4924,1797,109,827
4925,3483,3253,827
4926,3483,827,3253
4927,109,3025,2752
4928,109,2752,3025
4929,1797,3483,827
4930,3472,3025,827
4931,3025,2752,2315
4932,827,3475,3472
4933,3472,827,3475
4934,3025,2752,2315
4935,1797,3483,186
4936,3483,827,1797
4937,1797,109,3486
4938,827,3472,3025
4939,3483,827,1797
4940,3483,3253,827
4941,827,3475,1400
4942,3472,3025,1435
4943,827,3475,3253
4944,1797,3483,109
4945,3472,827,3475
4946,827,3475,3483
4947,827,3475,3472
4948,1797,2752,109
4949,3472,1435,3475
4950,827,3475,3472
4951,827,3475,3253
4952,3025,2752,109
4953,827,3475,1435
4954,3025,109,2752
4955,3483,827,3253
4956,1797,3483,3486
4957,1797,109,3486
4958,3483,1797,3168
4959,827,3475,3253
4960,3025,3472,2752
4961,1797,109,2752
4962,827,3475,1400
4963,3025,2752,2315
4964,1797,181,2752
4965,3483,3253,827
4966,1797,109,827
4967,3025,3472,2752
4968,109,1797,827
4969,3025,2752,2315
4970,3483,3253,827
4971,1797,2752,109
4972,3025,2752,109
4973,827,3475,109
4974,3025,2752,109
4975,3483,3253,827
4976,109,2752,3025
4977,109,2752,3025
4978,827,3483,3475
4979,1797,3483,3168
4980,827,3475,3253
4981,827,3475,109
4982,827,3475,3253
4983,1797,3483,827
4984,827,3475,1400
4985,3025,2752,2315
4986,1435,3475,827
4987,3025,2752,2315
4988,827,3475,3472
4989,3025,2752,109
4990,109,827,3025
4991,827,3475,3253
4992,827,3483,3475
4993,3483,3253,827
4994,3483,3253,827
4995,3483,3253,827
4996,3483,1797,827
4997,827,3475,3472
4998,3483,3253,827
4999,827,3475,3472
5000,3483,3253,3168
5001,3483,3253,827
5002,1797,109,2752
5003,3025,2752,109
5004,3472,3025,523
5005,1797,2752,109
5006,3025,2752,2315
5007,1797,3483,186
5008,109,2752,3025
5009,3483,1797,3168
5010,827,109,1797
5011,1797,109,3486
5012,827,3475,3253
5013,827,3475,1435
5014,827,3475,3253
5015,2752,3025,181
5016,1797,3483,186
5017,827,3475,3472
5018,109,3025,2752
5019,3483,827,3253
5020,3472,3025,2752
5021,3483,3253,827
5022,181,2752,1797
5023,3025,3472,2315
5024,827,3475,3472
5025,3472,827,3475
5026,827,109,3475
5027,109,1797,2752
5028,109,3025,2752
5029,827,3475,3253
5030,3025,2752,181
5031,1797,109,2752
5032,827,3475,3253
5033,827,3475,3253
5034,1797,3483,3168
5035,3025,2752,2315
5036,3472,1435,827
5037,181,1797,2752
5038,109,827,1797
5039,3025,3472,2752
5040,3025,2752,2315
5041,1797,109,3483
5042,3483,3253,827
5043,3483,827,3253
5044,827,3475,1400
5045,3025,2752,2315
5046,3025,2752,109
5047,1797,3486,109
5048,3483,1797,827
5049,1797,3483,109
5050,3025,2752,2315
5051,3025,2752,2315
5052,3025,109,2752
5053,3483,3253,827
5054,3025,109,2752
5055,827,109,3475
5056,827,3475,3253
5057,3025,3472,2752
5058,3025,2752,2315
5059,827,3475,3472
5060,1797,3483,109
5061,827,3475,3483
5062,109,827,3475
5063,181,2752,3025
5064,1797,3486,109
5065,3483,827,3253
5066,827,3475,1400
5067,3483,3253,1797
5068,1797,3483,109
5069,827,3475,3253
5070,3483,3253,827
5071,3475,827,3253
5072,3025,109,2752
5073,827,3475,3253
5074,827,3475,1435
5075,3025,2752,109
5076,1797,109,827
5077,109,1797,2752
5078,827,3475,3253
5079,3472,3025,523
5080,827,3475,1435
5081,3472,1435,1044
5082,3483,3253,827
5083,3025,2752,2315
5084,1797,3483,3486
5085,3025,2752,2315
5086,109,1797,2752
5087,181,2752,3025
5088,3025,3472,2752
5089,3475,827,1435
5090,3475,827,1435
5091,3025,2752,2315
5092,1797,3483,827
5093,3025,3472,2752
5094,3025,2752,2315
5095,3025,2752,2315
5096,3483,1797,3168
5097,827,3475,1435
5098,3025,2752,109
5099,3472,3025,1435
5100,1797,3483,3486
5101,827,3475,3253
5102,827,3475,3483
5103,827,3475,1797
5104,827,3475,3253
5105,1797,181,2752
5106,827,3475,3472
5107,3483,3253,827
5108,1797,109,3486
5109,1797,3483,109
5110,827,3475,3472
5111,3025,109,2752
5112,3025,2752,2315
5113,3472,1435,827
5114,1797,109,3486
5115,3025,2752,3472
5116,3472,1435,3025
5117,3025,2752,109
5118,3472,3025,2752
5119,3483,827,3475
5120,827,3475,1400
5121,827,3475,109
5122,827,3475,3253
5123,3025,2752,2315
5124,3025,3472,2752
5125,827,3475,109
5126,827,3475,1435
5127,3483,3253,827
5128,3483,1797,3253
5129,3483,3253,827
5130,3025,2752,109
5131,827,3475,1400
5132,3483,827,3253
5133,827,3483,3475
5134,3025,2752,2315
5135,827,1797,3475
5136,3472,3025,1435
5137,3472,3025,1435
5138,1797,3483,3168
5139,827,3475,3253
5140,827,3475,109
5141,3472,3025,827
5142,3483,3253,827
5143,3483,1797,3253
5144,3483,3253,827
5145,109,1797,2752
5146,3025,109,2752
5147,109,827,3025
5148,827,3475,3253
5149,2752,3025,1797
5150,827,3475,1435
5151,827,3475,1435
5152,3483,3253,827
5153,1797,109,2752
5154,1797,3486,109
5155,3025,2752,2315
5156,3483,3253,827
5157,3025,2752,2315
5158,3483,3253,1797
5159,3025,2752,2315
5160,1435,3472,3475
5161,109,1797,827
5162,3483,3253,827
5163,3483,3253,827
5164,827,3475,3253
5165,3483,827,1797
5166,827,3475,3253
5167,109,2752,3025
5168,827,3475,3472
5169,1797,3483,109
5170,3025,2752,2315
5171,1797,3483,186
5172,827,3475,1435
5173,827,3483,3475
5174,827,3475,109
5175,827,3475,3253
5176,3025,3472,2752
5177,1797,827,3483
5178,827,3475,3472
5179,3472,3025,1435
5180,1797,109,2752
5181,1797,109,2752
5182,827,3475,3472
5183,827,3475,1435
5184,3025,2315,2752
5185,827,3475,3472
5186,3483,3253,827
5187,109,2752,1797
5188,3483,1797,3168
5189,1797,3483,109
5190,3483,3253,827
5191,3483,3253,3168
5192,1797,181,2752
5193,3025,109,2752
5194,827,3475,1435
5195,3472,3025,2752
5196,1797,827,109
5197,3025,2752,2315
5198,827,3475,1435
5199,3483,3253,827
5200,3025,2752,109
5201,827,3475,3472
5202,3483,3253,827
5203,827,3475,3253
5204,3025,3472,2752
5205,2752,3025,1797
5206,827,3475,3483
5207,827,3475,3472
5208,109,827,1797
5209,3025,2752,109
5210,1797,3483,109
5211,3472,3025,1435
5212,3025,109,2752
5213,3025,2315,2752
5214,3483,1797,3168
5215,2752,3025,109
5216,827,3483,3475
5217,827,3475,3253
5218,3483,827,3253
5219,1797,3483,186
5220,3025,2752,109
5221,3025,3472,2752
5222,827,3475,109
5223,827,3475,1435
5224,1797,3483,3484
5225,827,3475,3483
5226,2752,109,1797
5227,827,3475,3253
5228,3472,827,3475
5229,827,3475,1400
5230,3483,827,3475
5231,1797,2752,109
5232,181,2752,3025
5233,3483,3253,827
5234,109,2752,3025
5235,3472,3025,523
5236,3025,3472,2752
5237,827,3475,3253
5238,3483,827,3253
5239,3025,2752,2315
5240,3483,827,3253
5241,827,3475,1400
5242,827,3475,109
5243,1797,3483,109
5244,827,3475,3253
5245,3483,827,3253
5246,827,3475,3483
5247,1797,3486,3483
5248,3483,3253,827
5249,3025,2752,2315
5250,3025,2752,109
5251,3472,3025,827
5252,1797,109,827
5253,3472,1435,3025
5254,3483,827,3253
5255,827,3475,1435
5256,827,3475,109
5257,3483,3253,827
5258,181,2752,2315
5259,3483,827,3253
5260,2752,3025,181
5261,3025,2752,2315
5262,1797,109,2752
